,pred_IDV1,pred_IDV10,pred_IDV11,pred_IDV12,pred_IDV13,pred_IDV14,pred_IDV15,pred_IDV16,pred_IDV17,pred_IDV18,pred_IDV19,pred_IDV2,pred_IDV20,pred_IDV21,pred_IDV3,pred_IDV4,pred_IDV5,pred_IDV6,pred_IDV7,pred_IDV8,pred_IDV9,pred_normal
true_IDV1,789,0,0,0,0,0,1,0,0,0,0,0,0,0,0,0,0,0,0,7,2,1
true_IDV10,0,427,4,35,0,0,31,55,9,0,17,0,38,1,50,0,2,0,0,4,80,47
true_IDV11,0,17,573,0,0,0,28,2,5,2,15,0,2,1,20,60,0,0,0,0,45,30
true_IDV12,0,17,1,636,2,0,2,7,2,60,3,0,26,0,8,0,22,0,1,11,2,0
true_IDV13,6,87,2,244,183,0,12,0,16,23,4,5,17,0,27,0,11,0,0,158,3,2
true_IDV14,0,0,2,0,0,780,0,0,18,0,0,0,0,0,0,0,0,0,0,0,0,0
true_IDV15,0,57,7,3,0,0,177,14,2,3,17,0,37,1,134,0,1,0,0,0,191,156
true_IDV16,0,187,2,4,0,0,38,433,0,0,7,0,30,1,49,0,1,0,0,1,36,11
true_IDV17,0,1,9,0,0,16,23,1,739,0,4,0,0,1,2,0,0,0,0,0,1,3
true_IDV18,0,0,0,12,0,0,21,0,0,696,1,0,12,0,25,0,6,0,0,1,9,17
true_IDV19,0,0,6,0,0,0,18,9,0,0,700,0,0,1,28,0,0,0,0,0,18,20
true_IDV2,0,0,0,0,0,0,4,0,0,0,0,783,0,0,0,0,0,0,0,0,4,9
true_IDV20,0,20,2,4,0,0,45,7,1,2,22,0,524,2,85,0,2,0,0,0,64,20
true_IDV21,0,177,1,0,0,0,0,6,1,5,5,0,143,434,22,0,1,0,0,0,0,5
true_IDV3,0,38,4,1,0,0,183,20,0,0,28,0,38,1,188,0,1,0,0,0,183,115
true_IDV4,0,0,16,0,0,0,0,0,0,0,0,0,0,0,0,784,0,0,0,0,0,0
true_IDV5,0,0,1,3,0,0,0,2,0,0,0,0,1,1,0,0,791,0,0,0,1,0
true_IDV6,0,0,0,0,0,0,0,0,0,0,0,0,1,0,0,0,0,799,0,0,0,0
true_IDV7,0,0,0,0,0,0,0,0,0,0,0,0,0,0,0,0,0,0,800,0,0,0
true_IDV8,13,15,0,164,9,0,2,9,2,0,0,65,12,2,4,0,1,0,0,490,11,1
true_IDV9,0,30,4,0,0,0,165,26,0,0,30,0,23,1,252,0,0,0,0,0,146,123
true_normal,0,108,19,0,0,0,1130,46,5,30,156,0,82,13,747,0,0,0,0,0,655,1329
