asset,life,alarm_at,lead,false_early,missed
16,209,140,69,False,False
17,276,143,133,False,False
25,230,138,92,False,False
26,199,114,85,False,False
28,165,97,68,False,False
31,234,143,91,False,False
37,170,106,64,False,False
39,128,87,41,False,False
44,192,124,68,False,False
49,215,139,76,False,False
55,193,113,80,False,False
62,180,122,58,False,False
66,202,145,57,False,False
69,362,208,154,False,False
73,213,144,69,False,False
77,154,101,53,False,False
80,185,110,75,False,False
93,155,95,60,False,False
94,258,149,109,False,False
100,200,129,71,False,False
11,240,140,100,False,False
12,170,115,55,False,False
14,180,105,75,False,False
18,195,108,87,False,False
19,158,100,58,False,False
24,147,92,55,False,False
29,163,100,63,False,False
40,188,109,79,False,False
41,216,124,92,False,False
43,207,117,90,False,False
48,231,128,103,False,False
53,195,111,84,False,False
58,147,89,58,False,False
76,210,136,74,False,False
79,199,111,88,False,False
84,267,162,105,False,False
85,188,120,68,False,False
86,278,172,106,False,False
88,213,121,92,False,False
92,341,189,152,False,False
1,192,114,78,False,False
3,179,89,90,False,False
7,259,143,116,False,False
10,222,120,102,False,False
13,163,98,65,False,False
21,195,100,95,False,False
22,202,137,65,False,False
33,200,116,84,False,False
42,196,115,81,False,False
47,214,114,100,False,False
51,213,112,101,False,False
60,172,102,70,False,False
61,185,109,76,False,False
64,283,160,123,False,False
65,153,98,55,False,False
78,231,122,109,False,False
81,240,134,106,False,False
91,135,86,49,False,False
96,336,186,150,False,False
98,156,89,67,False,False
5,269,132,137,False,False
8,150,90,60,False,False
15,207,102,105,False,False
23,168,107,61,False,False
27,156,94,62,False,False
32,191,114,77,False,False
34,195,108,87,False,False
35,181,107,74,False,False
38,194,109,85,False,False
46,256,150,106,False,False
52,213,113,100,False,False
59,231,129,102,False,False
67,313,182,131,False,False
68,199,109,90,False,False
70,137,86,51,False,False
74,166,100,66,False,False
82,214,115,99,False,False
89,217,127,90,False,False
95,283,144,139,False,False
99,185,109,76,False,False
2,287,156,131,False,False
4,189,106,83,False,False
6,188,123,65,False,False
9,201,103,98,False,False
20,234,143,91,False,False
30,194,110,84,False,False
36,158,98,60,False,False
45,158,92,66,False,False
50,198,102,96,False,False
54,257,138,119,False,False
56,275,157,118,False,False
57,137,84,53,False,False
63,174,101,73,False,False
71,208,109,99,False,False
72,213,132,81,False,False
75,229,134,95,False,False
83,293,153,140,False,False
87,178,110,68,False,False
90,154,88,66,False,False
97,202,109,93,False,False
