asset,rul_pred,p_fail_in_horizon,service_day,status,rul_true
1,123.67443880524822,4.2980011162694047e-19,,Optimal,112
2,116.52431435925921,1.4630175580640294e-16,,Optimal,98
3,58.332457147008434,0.0037103743933872228,,Optimal,69
4,80.13243332008415,1.0824269708207012e-06,,Optimal,82
5,85.54610054547031,7.647554483151085e-08,,Optimal,91
6,103.00017642849363,2.630709465412534e-12,,Optimal,93
7,101.6924247322059,6.230675752166808e-12,,Optimal,91
8,104.0840219186135,1.272893658557767e-12,,Optimal,95
9,123.80856326647208,3.8361878034935085e-19,,Optimal,111
10,78.484879929017,2.3060236711631187e-06,,Optimal,96
11,95.30148111355678,3.396605495122164e-10,,Optimal,97
12,87.66468776244659,2.530237158228378e-08,,Optimal,124
13,83.00579040867113,2.7368449329057126e-07,,Optimal,95
14,118.34063813372899,3.4721659353011566e-17,,Optimal,107
15,89.70357429255971,8.412012849312038e-09,,Optimal,83
16,86.05012668777448,5.898926982673317e-08,,Optimal,84
17,42.645707750260954,0.11604575183939836,12.0,Optimal,50
18,18.66419245426395,0.8579616320359923,6.0,Optimal,28
19,82.3634419283625,3.7448078353753784e-07,,Optimal,87
20,12.973559396055132,0.9461871413468999,4.0,Optimal,16
21,51.17952516418854,0.022673924113854632,,Optimal,57
22,122.95221253688707,7.905121148052497e-19,,Optimal,111
23,114.85356840556798,5.354160687041694e-16,,Optimal,113
24,11.77658083991087,0.9574714609581703,4.0,Optimal,20
25,118.81585092425367,2.371851096542652e-17,,Optimal,145
26,119.55990277236086,1.3007793697058649e-17,,Optimal,119
27,64.1433681394993,0.0006266477040830595,,Optimal,66
28,112.18610447240069,4.037844223323374e-15,,Optimal,97
29,94.7743528186364,4.6489579630638216e-10,,Optimal,90
30,114.3011422471125,8.177935377691302e-16,,Optimal,115
31,9.608871599412828,0.9730046959442651,2.0,Optimal,8
32,38.15451214419815,0.22047751048787373,9.0,Optimal,48
33,123.41091211309777,5.371072005774767e-19,,Optimal,106
34,3.705427063451769,0.9935182971836903,1.0,Optimal,7
35,27.014772908292457,0.6110653112121378,7.0,Optimal,11
36,30.724851083762506,0.4726951393400743,8.0,Optimal,19
37,16.01562424538346,0.9068308847948485,5.0,Optimal,21
38,58.21939383316452,0.003830411940289833,,Optimal,50
39,124.37198862122807,2.375576456691176e-19,,Optimal,142
40,48.12371165952085,0.04338879073846716,,Optimal,28
41,16.55750588361681,0.8980080648311823,5.0,Optimal,18
42,6.879294517665495,0.9855500875596067,1.0,Optimal,10
43,71.541828377498,4.325664059725524e-05,,Optimal,59
44,121.75516953197273,2.148494959723227e-18,,Optimal,109
45,105.814399079998,3.9099396962387967e-13,,Optimal,114
46,52.585728337076986,0.01640926861176875,,Optimal,47
47,121.20383893868063,3.3906474430372914e-18,,Optimal,135
48,111.53737071113648,6.537927613042948e-15,,Optimal,92
49,11.4744897079874,0.959993922917981,3.0,Optimal,21
50,91.72779473546707,2.719921227672001e-09,,Optimal,79
51,109.0108822215967,4.122940048501496e-14,,Optimal,114
52,15.623415751758486,0.9128557281029942,4.0,Optimal,29
53,23.869341478290984,0.7188175066515082,6.0,Optimal,26
54,93.97129414394117,7.464417602827444e-10,,Optimal,97
55,119.55713013426734,1.3037062049803858e-17,,Optimal,137
56,26.52634417472447,0.6286394355095314,7.0,Optimal,15
57,99.02782133781162,3.446643823052178e-11,,Optimal,103
58,32.627829480461564,0.40194206717045156,9.0,Optimal,37
59,107.41814831556096,1.2790123036775886e-13,,Optimal,114
60,109.0234423135753,4.0859339193865636e-14,,Optimal,100
61,8.50024344197283,0.9789066942476387,2.0,Optimal,21
62,40.11375802216516,0.1696054744689427,10.0,Optimal,54
63,79.08384305030589,1.7564035129215274e-06,,Optimal,72
64,26.55349721045847,0.6276690729966743,7.0,Optimal,28
65,105.96804407597894,3.516426720908475e-13,,Optimal,128
66,20.75274626818884,0.8088981014991729,6.0,Optimal,14
67,119.29215247513734,1.6155778118614475e-17,,Optimal,77
68,11.251011297229748,0.9617806152257564,3.0,Optimal,8
69,114.61426519210869,6.434579074740854e-16,,Optimal,121
70,108.93337953215921,4.358686321327461e-14,,Optimal,94
71,112.66733038845562,2.8174806353066555e-15,,Optimal,118
72,58.55570613881769,0.003483216531868698,,Optimal,50
73,108.90660065962193,4.443182543928251e-14,,Optimal,131
74,120.10762064079687,8.333077300475085e-18,,Optimal,126
75,108.48337929879514,6.013339160560653e-14,,Optimal,113
76,7.938091241400074,0.9814561156736801,1.0,Optimal,10
77,30.045665785158167,0.4982784475834317,8.0,Optimal,34
78,113.64712419474151,1.3456035151098431e-15,,Optimal,107
79,56.34009147335307,0.006403807616608946,,Optimal,63
80,103.44950396135776,1.949441537402426e-12,,Optimal,90
81,10.146518028592046,0.9696796123170776,2.0,Optimal,8
82,11.169435111022574,0.9624163755687948,3.0,Optimal,9
83,120.1251547537661,8.214765552212285e-18,,Optimal,137
84,57.46291504629078,0.004727090088530694,,Optimal,58
85,124.42722339636485,2.2662074077544026e-19,,Optimal,118
86,108.43753325677179,6.213139504183101e-14,,Optimal,89
87,116.92921507951638,1.0643731487431109e-16,,Optimal,116
88,109.75487277919275,2.4111571540392467e-14,,Optimal,115
89,118.67813661330672,2.6493615002325836e-17,,Optimal,136
90,28.687306948104947,0.5493606891489994,8.0,Optimal,28
91,59.781936551384554,0.0024440242074560766,,Optimal,38
92,34.44320067273701,0.3372896167643643,9.0,Optimal,20
93,78.17076120904878,2.6566706481068216e-06,,Optimal,85
94,62.32033779815242,0.0011283338059600034,,Optimal,55
95,110.15530171358475,1.8028366144041903e-14,,Optimal,128
96,110.89016610699503,1.0535033204805393e-14,,Optimal,137
97,84.51396184197668,1.2924938972806225e-07,,Optimal,82
98,50.54683399899741,0.026091213673160328,,Optimal,59
99,102.41019890572457,3.8887752806890256e-12,,Optimal,117
100,17.955257257066652,0.8724812647918401,5.0,Optimal,20
