replicate,policy,blackouts_per_100_voyages,no_margin_days_per_100_voyages,in_service_failures,planned_services,cost
0,Run to failure,4.666666666666667,36.4,25.0,0.0,16250000.0
0,Time-based (age limit),2.8000000000000003,14.0,2.0,59.0,7680000.0
0,FaultWatch plan (fleet MILP),0.0,16.8,1.0,29.0,830000.0
0,"FaultWatch, itinerary-aware",0.0,1.8666666666666667,1.0,29.0,830000.0
0,Perfect foresight,0.0,0.0,0.0,25.0,500000.0
1,Run to failure,0.0,42.93333333333334,25.0,0.0,6250000.0
1,Time-based (age limit),0.9333333333333333,14.933333333333334,2.0,59.0,3680000.0
1,FaultWatch plan (fleet MILP),0.0,14.933333333333334,1.0,29.0,830000.0
1,"FaultWatch, itinerary-aware",0.0,0.9333333333333333,1.0,29.0,830000.0
1,Perfect foresight,0.0,0.0,0.0,25.0,500000.0
2,Run to failure,4.666666666666667,36.4,25.0,0.0,16250000.0
2,Time-based (age limit),1.8666666666666667,13.066666666666666,2.0,59.0,5680000.0
2,FaultWatch plan (fleet MILP),0.0,12.133333333333335,1.0,29.0,830000.0
2,"FaultWatch, itinerary-aware",0.0,1.8666666666666667,1.0,29.0,830000.0
2,Perfect foresight,0.0,0.0,0.0,25.0,500000.0
3,Run to failure,1.8666666666666667,39.2,25.0,0.0,10250000.0
3,Time-based (age limit),3.7333333333333334,11.200000000000001,2.0,59.0,9680000.0
3,FaultWatch plan (fleet MILP),0.9333333333333333,17.733333333333334,1.0,29.0,2830000.0
3,"FaultWatch, itinerary-aware",0.0,1.8666666666666667,1.0,29.0,830000.0
3,Perfect foresight,0.0,0.0,0.0,25.0,500000.0
4,Run to failure,3.7333333333333334,40.13333333333333,25.0,0.0,14250000.0
4,Time-based (age limit),1.8666666666666667,15.866666666666667,2.0,59.0,5680000.0
4,FaultWatch plan (fleet MILP),0.0,17.733333333333334,1.0,29.0,830000.0
4,"FaultWatch, itinerary-aware",0.0,1.8666666666666667,1.0,29.0,830000.0
4,Perfect foresight,0.0,0.0,0.0,25.0,500000.0
5,Run to failure,1.8666666666666667,42.0,25.0,0.0,10250000.0
5,Time-based (age limit),2.8000000000000003,12.133333333333335,2.0,59.0,7680000.0
5,FaultWatch plan (fleet MILP),0.0,14.933333333333334,1.0,29.0,830000.0
5,"FaultWatch, itinerary-aware",0.0,0.9333333333333333,1.0,29.0,830000.0
5,Perfect foresight,0.0,0.0,0.0,25.0,500000.0
6,Run to failure,1.8666666666666667,41.06666666666667,25.0,0.0,10250000.0
6,Time-based (age limit),2.8000000000000003,12.133333333333335,2.0,59.0,7680000.0
6,FaultWatch plan (fleet MILP),0.0,14.933333333333334,1.0,29.0,830000.0
6,"FaultWatch, itinerary-aware",0.0,0.9333333333333333,1.0,29.0,830000.0
6,Perfect foresight,0.0,0.0,0.0,25.0,500000.0
7,Run to failure,5.6000000000000005,30.8,25.0,0.0,18250000.0
7,Time-based (age limit),0.9333333333333333,14.0,2.0,59.0,3680000.0
7,FaultWatch plan (fleet MILP),0.0,7.466666666666667,1.0,29.0,830000.0
7,"FaultWatch, itinerary-aware",0.0,0.9333333333333333,1.0,29.0,830000.0
7,Perfect foresight,0.0,0.0,0.0,25.0,500000.0
8,Run to failure,6.533333333333333,34.53333333333333,25.0,0.0,20250000.0
8,Time-based (age limit),1.8666666666666667,14.0,2.0,59.0,5680000.0
8,FaultWatch plan (fleet MILP),0.0,11.200000000000001,1.0,29.0,830000.0
8,"FaultWatch, itinerary-aware",0.0,1.8666666666666667,1.0,29.0,830000.0
8,Perfect foresight,0.0,0.0,0.0,25.0,500000.0
9,Run to failure,2.8000000000000003,39.2,25.0,0.0,12250000.0
9,Time-based (age limit),4.666666666666667,7.466666666666667,2.0,59.0,11680000.0
9,FaultWatch plan (fleet MILP),0.0,14.0,1.0,29.0,830000.0
9,"FaultWatch, itinerary-aware",0.0,1.8666666666666667,1.0,29.0,830000.0
9,Perfect foresight,0.0,0.0,0.0,25.0,500000.0
10,Run to failure,2.8000000000000003,37.333333333333336,25.0,0.0,12250000.0
10,Time-based (age limit),1.8666666666666667,13.066666666666666,2.0,59.0,5680000.0
10,FaultWatch plan (fleet MILP),0.9333333333333333,9.333333333333334,1.0,29.0,2830000.0
10,"FaultWatch, itinerary-aware",0.0,0.9333333333333333,1.0,29.0,830000.0
10,Perfect foresight,0.0,0.0,0.0,25.0,500000.0
11,Run to failure,4.666666666666667,36.4,25.0,0.0,16250000.0
11,Time-based (age limit),0.0,16.8,2.0,59.0,1680000.0
11,FaultWatch plan (fleet MILP),0.0,8.4,1.0,29.0,830000.0
11,"FaultWatch, itinerary-aware",0.0,1.8666666666666667,1.0,29.0,830000.0
11,Perfect foresight,0.0,0.0,0.0,25.0,500000.0
12,Run to failure,2.8000000000000003,40.13333333333333,25.0,0.0,12250000.0
12,Time-based (age limit),1.8666666666666667,13.066666666666666,2.0,59.0,5680000.0
12,FaultWatch plan (fleet MILP),0.0,12.133333333333335,1.0,29.0,830000.0
12,"FaultWatch, itinerary-aware",0.0,0.9333333333333333,1.0,29.0,830000.0
12,Perfect foresight,0.0,0.0,0.0,25.0,500000.0
13,Run to failure,0.9333333333333333,44.800000000000004,25.0,0.0,8250000.0
13,Time-based (age limit),0.9333333333333333,14.933333333333334,2.0,59.0,3680000.0
13,FaultWatch plan (fleet MILP),0.9333333333333333,9.333333333333334,1.0,29.0,2830000.0
13,"FaultWatch, itinerary-aware",0.0,0.9333333333333333,1.0,29.0,830000.0
13,Perfect foresight,0.0,0.0,0.0,25.0,500000.0
14,Run to failure,2.8000000000000003,41.06666666666667,25.0,0.0,12250000.0
14,Time-based (age limit),1.8666666666666667,14.0,2.0,59.0,5680000.0
14,FaultWatch plan (fleet MILP),0.9333333333333333,9.333333333333334,1.0,29.0,2830000.0
14,"FaultWatch, itinerary-aware",0.0,2.8000000000000003,1.0,29.0,830000.0
14,Perfect foresight,0.0,0.0,0.0,25.0,500000.0
15,Run to failure,2.8000000000000003,39.2,25.0,0.0,12250000.0
15,Time-based (age limit),1.8666666666666667,12.133333333333335,2.0,59.0,5680000.0
15,FaultWatch plan (fleet MILP),1.8666666666666667,11.200000000000001,1.0,29.0,4830000.0
15,"FaultWatch, itinerary-aware",0.0,1.8666666666666667,1.0,29.0,830000.0
15,Perfect foresight,0.0,0.0,0.0,25.0,500000.0
16,Run to failure,7.466666666666667,32.66666666666667,25.0,0.0,22250000.0
16,Time-based (age limit),2.8000000000000003,14.933333333333334,2.0,59.0,7680000.0
16,FaultWatch plan (fleet MILP),0.0,8.4,1.0,29.0,830000.0
16,"FaultWatch, itinerary-aware",0.0,1.8666666666666667,1.0,29.0,830000.0
16,Perfect foresight,0.0,0.0,0.0,25.0,500000.0
17,Run to failure,6.533333333333333,29.866666666666667,25.0,0.0,20250000.0
17,Time-based (age limit),1.8666666666666667,12.133333333333335,2.0,59.0,5680000.0
17,FaultWatch plan (fleet MILP),0.0,14.0,1.0,29.0,830000.0
17,"FaultWatch, itinerary-aware",0.0,1.8666666666666667,1.0,29.0,830000.0
17,Perfect foresight,0.0,0.0,0.0,25.0,500000.0
18,Run to failure,5.6000000000000005,34.53333333333333,25.0,0.0,18250000.0
18,Time-based (age limit),2.8000000000000003,10.266666666666667,2.0,59.0,7680000.0
18,FaultWatch plan (fleet MILP),0.9333333333333333,12.133333333333335,1.0,29.0,2830000.0
18,"FaultWatch, itinerary-aware",0.0,0.9333333333333333,1.0,29.0,830000.0
18,Perfect foresight,0.0,0.0,0.0,25.0,500000.0
19,Run to failure,5.6000000000000005,36.4,25.0,0.0,18250000.0
19,Time-based (age limit),1.8666666666666667,14.933333333333334,2.0,59.0,5680000.0
19,FaultWatch plan (fleet MILP),0.0,14.0,1.0,29.0,830000.0
19,"FaultWatch, itinerary-aware",0.0,1.8666666666666667,1.0,29.0,830000.0
19,Perfect foresight,0.0,0.0,0.0,25.0,500000.0
20,Run to failure,2.8000000000000003,40.13333333333333,25.0,0.0,12250000.0
20,Time-based (age limit),1.8666666666666667,13.066666666666666,2.0,59.0,5680000.0
20,FaultWatch plan (fleet MILP),0.0,13.066666666666666,1.0,29.0,830000.0
20,"FaultWatch, itinerary-aware",0.0,0.9333333333333333,1.0,29.0,830000.0
20,Perfect foresight,0.0,0.0,0.0,25.0,500000.0
21,Run to failure,1.8666666666666667,42.0,25.0,0.0,10250000.0
21,Time-based (age limit),1.8666666666666667,14.0,2.0,59.0,5680000.0
21,FaultWatch plan (fleet MILP),0.9333333333333333,10.266666666666667,1.0,29.0,2830000.0
21,"FaultWatch, itinerary-aware",0.0,0.9333333333333333,1.0,29.0,830000.0
21,Perfect foresight,0.0,0.0,0.0,25.0,500000.0
22,Run to failure,0.9333333333333333,42.93333333333334,25.0,0.0,8250000.0
22,Time-based (age limit),4.666666666666667,7.466666666666667,2.0,59.0,11680000.0
22,FaultWatch plan (fleet MILP),0.9333333333333333,14.0,1.0,29.0,2830000.0
22,"FaultWatch, itinerary-aware",0.0,0.9333333333333333,1.0,29.0,830000.0
22,Perfect foresight,0.0,0.0,0.0,25.0,500000.0
23,Run to failure,0.9333333333333333,42.0,25.0,0.0,8250000.0
23,Time-based (age limit),2.8000000000000003,11.200000000000001,2.0,59.0,7680000.0
23,FaultWatch plan (fleet MILP),0.0,11.200000000000001,1.0,29.0,830000.0
23,"FaultWatch, itinerary-aware",0.0,0.9333333333333333,1.0,29.0,830000.0
23,Perfect foresight,0.0,0.0,0.0,25.0,500000.0
24,Run to failure,0.9333333333333333,46.66666666666667,25.0,0.0,8250000.0
24,Time-based (age limit),3.7333333333333334,11.200000000000001,2.0,59.0,9680000.0
24,FaultWatch plan (fleet MILP),0.9333333333333333,6.533333333333333,1.0,29.0,2830000.0
24,"FaultWatch, itinerary-aware",0.0,1.8666666666666667,1.0,29.0,830000.0
24,Perfect foresight,0.0,0.0,0.0,25.0,500000.0
25,Run to failure,0.0,48.53333333333334,25.0,0.0,6250000.0
25,Time-based (age limit),4.666666666666667,10.266666666666667,2.0,59.0,11680000.0
25,FaultWatch plan (fleet MILP),0.0,14.933333333333334,1.0,29.0,830000.0
25,"FaultWatch, itinerary-aware",0.0,0.9333333333333333,1.0,29.0,830000.0
25,Perfect foresight,0.0,0.0,0.0,25.0,500000.0
26,Run to failure,1.8666666666666667,40.13333333333333,25.0,0.0,10250000.0
26,Time-based (age limit),1.8666666666666667,13.066666666666666,2.0,59.0,5680000.0
26,FaultWatch plan (fleet MILP),0.0,12.133333333333335,1.0,29.0,830000.0
26,"FaultWatch, itinerary-aware",0.0,0.9333333333333333,1.0,29.0,830000.0
26,Perfect foresight,0.0,0.0,0.0,25.0,500000.0
27,Run to failure,4.666666666666667,36.4,25.0,0.0,16250000.0
27,Time-based (age limit),2.8000000000000003,14.0,2.0,59.0,7680000.0
27,FaultWatch plan (fleet MILP),0.0,13.066666666666666,1.0,29.0,830000.0
27,"FaultWatch, itinerary-aware",0.0,0.9333333333333333,1.0,29.0,830000.0
27,Perfect foresight,0.0,0.0,0.0,25.0,500000.0
28,Run to failure,3.7333333333333334,37.333333333333336,25.0,0.0,14250000.0
28,Time-based (age limit),2.8000000000000003,11.200000000000001,2.0,59.0,7680000.0
28,FaultWatch plan (fleet MILP),0.0,12.133333333333335,1.0,29.0,830000.0
28,"FaultWatch, itinerary-aware",0.0,0.9333333333333333,1.0,29.0,830000.0
28,Perfect foresight,0.0,0.0,0.0,25.0,500000.0
29,Run to failure,4.666666666666667,35.46666666666667,25.0,0.0,16250000.0
29,Time-based (age limit),1.8666666666666667,14.0,2.0,59.0,5680000.0
29,FaultWatch plan (fleet MILP),0.9333333333333333,16.8,1.0,29.0,2830000.0
29,"FaultWatch, itinerary-aware",0.0,1.8666666666666667,1.0,29.0,830000.0
29,Perfect foresight,0.0,0.0,0.0,25.0,500000.0
30,Run to failure,2.8000000000000003,39.2,25.0,0.0,12250000.0
30,Time-based (age limit),0.9333333333333333,14.0,2.0,59.0,3680000.0
30,FaultWatch plan (fleet MILP),0.0,14.0,1.0,29.0,830000.0
30,"FaultWatch, itinerary-aware",0.0,0.9333333333333333,1.0,29.0,830000.0
30,Perfect foresight,0.0,0.0,0.0,25.0,500000.0
31,Run to failure,1.8666666666666667,42.0,25.0,0.0,10250000.0
31,Time-based (age limit),0.9333333333333333,16.8,2.0,59.0,3680000.0
31,FaultWatch plan (fleet MILP),0.0,10.266666666666667,1.0,29.0,830000.0
31,"FaultWatch, itinerary-aware",0.0,0.9333333333333333,1.0,29.0,830000.0
31,Perfect foresight,0.0,0.0,0.0,25.0,500000.0
32,Run to failure,4.666666666666667,34.53333333333333,25.0,0.0,16250000.0
32,Time-based (age limit),4.666666666666667,9.333333333333334,2.0,59.0,11680000.0
32,FaultWatch plan (fleet MILP),0.0,10.266666666666667,1.0,29.0,830000.0
32,"FaultWatch, itinerary-aware",0.0,1.8666666666666667,1.0,29.0,830000.0
32,Perfect foresight,0.0,0.0,0.0,25.0,500000.0
33,Run to failure,1.8666666666666667,42.93333333333334,25.0,0.0,10250000.0
33,Time-based (age limit),1.8666666666666667,13.066666666666666,2.0,59.0,5680000.0
33,FaultWatch plan (fleet MILP),0.0,11.200000000000001,1.0,29.0,830000.0
33,"FaultWatch, itinerary-aware",0.0,0.9333333333333333,1.0,29.0,830000.0
33,Perfect foresight,0.0,0.0,0.0,25.0,500000.0
34,Run to failure,4.666666666666667,38.266666666666666,25.0,0.0,16250000.0
34,Time-based (age limit),3.7333333333333334,11.200000000000001,2.0,59.0,9680000.0
34,FaultWatch plan (fleet MILP),0.9333333333333333,6.533333333333333,1.0,29.0,2830000.0
34,"FaultWatch, itinerary-aware",0.0,0.9333333333333333,1.0,29.0,830000.0
34,Perfect foresight,0.0,0.0,0.0,25.0,500000.0
35,Run to failure,4.666666666666667,36.4,25.0,0.0,16250000.0
35,Time-based (age limit),2.8000000000000003,13.066666666666666,2.0,59.0,7680000.0
35,FaultWatch plan (fleet MILP),0.9333333333333333,11.200000000000001,1.0,29.0,2830000.0
35,"FaultWatch, itinerary-aware",0.0,1.8666666666666667,1.0,29.0,830000.0
35,Perfect foresight,0.0,0.0,0.0,25.0,500000.0
36,Run to failure,4.666666666666667,34.53333333333333,25.0,0.0,16250000.0
36,Time-based (age limit),2.8000000000000003,14.0,2.0,59.0,7680000.0
36,FaultWatch plan (fleet MILP),0.0,10.266666666666667,1.0,29.0,830000.0
36,"FaultWatch, itinerary-aware",0.0,0.9333333333333333,1.0,29.0,830000.0
36,Perfect foresight,0.0,0.0,0.0,25.0,500000.0
37,Run to failure,4.666666666666667,40.13333333333333,25.0,0.0,16250000.0
37,Time-based (age limit),1.8666666666666667,13.066666666666666,2.0,59.0,5680000.0
37,FaultWatch plan (fleet MILP),0.0,6.533333333333333,1.0,29.0,830000.0
37,"FaultWatch, itinerary-aware",0.0,1.8666666666666667,1.0,29.0,830000.0
37,Perfect foresight,0.0,0.0,0.0,25.0,500000.0
38,Run to failure,0.9333333333333333,42.0,25.0,0.0,8250000.0
38,Time-based (age limit),1.8666666666666667,13.066666666666666,2.0,59.0,5680000.0
38,FaultWatch plan (fleet MILP),0.0,11.200000000000001,1.0,29.0,830000.0
38,"FaultWatch, itinerary-aware",0.0,0.9333333333333333,1.0,29.0,830000.0
38,Perfect foresight,0.0,0.0,0.0,25.0,500000.0
39,Run to failure,0.0,42.93333333333334,25.0,0.0,6250000.0
39,Time-based (age limit),2.8000000000000003,13.066666666666666,2.0,59.0,7680000.0
39,FaultWatch plan (fleet MILP),0.9333333333333333,10.266666666666667,1.0,29.0,2830000.0
39,"FaultWatch, itinerary-aware",0.0,0.9333333333333333,1.0,29.0,830000.0
39,Perfect foresight,0.0,0.0,0.0,25.0,500000.0
40,Run to failure,2.8000000000000003,41.06666666666667,25.0,0.0,12250000.0
40,Time-based (age limit),3.7333333333333334,12.133333333333335,2.0,59.0,9680000.0
40,FaultWatch plan (fleet MILP),0.0,14.933333333333334,1.0,29.0,830000.0
40,"FaultWatch, itinerary-aware",0.0,0.9333333333333333,1.0,29.0,830000.0
40,Perfect foresight,0.0,0.0,0.0,25.0,500000.0
41,Run to failure,0.0,45.733333333333334,25.0,0.0,6250000.0
41,Time-based (age limit),3.7333333333333334,8.4,2.0,59.0,9680000.0
41,FaultWatch plan (fleet MILP),0.0,14.933333333333334,1.0,29.0,830000.0
41,"FaultWatch, itinerary-aware",0.0,0.9333333333333333,1.0,29.0,830000.0
41,Perfect foresight,0.0,0.0,0.0,25.0,500000.0
42,Run to failure,4.666666666666667,40.13333333333333,25.0,0.0,16250000.0
42,Time-based (age limit),3.7333333333333334,10.266666666666667,2.0,59.0,9680000.0
42,FaultWatch plan (fleet MILP),0.0,13.066666666666666,1.0,29.0,830000.0
42,"FaultWatch, itinerary-aware",0.0,1.8666666666666667,1.0,29.0,830000.0
42,Perfect foresight,0.0,0.0,0.0,25.0,500000.0
43,Run to failure,4.666666666666667,35.46666666666667,25.0,0.0,16250000.0
43,Time-based (age limit),0.9333333333333333,13.066666666666666,2.0,59.0,3680000.0
43,FaultWatch plan (fleet MILP),0.9333333333333333,8.4,1.0,29.0,2830000.0
43,"FaultWatch, itinerary-aware",0.0,3.7333333333333334,2.0,28.0,1060000.0
43,Perfect foresight,0.0,0.0,0.0,25.0,500000.0
44,Run to failure,3.7333333333333334,35.46666666666667,25.0,0.0,14250000.0
44,Time-based (age limit),4.666666666666667,9.333333333333334,2.0,59.0,11680000.0
44,FaultWatch plan (fleet MILP),0.9333333333333333,9.333333333333334,1.0,29.0,2830000.0
44,"FaultWatch, itinerary-aware",0.0,0.9333333333333333,1.0,29.0,830000.0
44,Perfect foresight,0.0,0.0,0.0,25.0,500000.0
45,Run to failure,2.8000000000000003,37.333333333333336,25.0,0.0,12250000.0
45,Time-based (age limit),0.0,14.0,2.0,59.0,1680000.0
45,FaultWatch plan (fleet MILP),0.0,12.133333333333335,1.0,29.0,830000.0
45,"FaultWatch, itinerary-aware",0.0,0.9333333333333333,1.0,29.0,830000.0
45,Perfect foresight,0.0,0.0,0.0,25.0,500000.0
46,Run to failure,4.666666666666667,38.266666666666666,25.0,0.0,16250000.0
46,Time-based (age limit),1.8666666666666667,14.933333333333334,2.0,59.0,5680000.0
46,FaultWatch plan (fleet MILP),0.0,13.066666666666666,1.0,29.0,830000.0
46,"FaultWatch, itinerary-aware",0.0,1.8666666666666667,1.0,29.0,830000.0
46,Perfect foresight,0.0,0.0,0.0,25.0,500000.0
47,Run to failure,3.7333333333333334,40.13333333333333,25.0,0.0,14250000.0
47,Time-based (age limit),1.8666666666666667,14.0,2.0,59.0,5680000.0
47,FaultWatch plan (fleet MILP),0.0,7.466666666666667,1.0,29.0,830000.0
47,"FaultWatch, itinerary-aware",0.0,0.9333333333333333,1.0,29.0,830000.0
47,Perfect foresight,0.0,0.0,0.0,25.0,500000.0
48,Run to failure,5.6000000000000005,35.46666666666667,25.0,0.0,18250000.0
48,Time-based (age limit),3.7333333333333334,7.466666666666667,2.0,59.0,9680000.0
48,FaultWatch plan (fleet MILP),0.0,8.4,1.0,29.0,830000.0
48,"FaultWatch, itinerary-aware",0.0,1.8666666666666667,1.0,29.0,830000.0
48,Perfect foresight,0.0,0.0,0.0,25.0,500000.0
49,Run to failure,3.7333333333333334,37.333333333333336,25.0,0.0,14250000.0
49,Time-based (age limit),2.8000000000000003,11.200000000000001,2.0,59.0,7680000.0
49,FaultWatch plan (fleet MILP),0.0,15.866666666666667,1.0,29.0,830000.0
49,"FaultWatch, itinerary-aware",0.0,1.8666666666666667,1.0,29.0,830000.0
49,Perfect foresight,0.0,0.0,0.0,25.0,500000.0
50,Run to failure,4.666666666666667,32.66666666666667,25.0,0.0,16250000.0
50,Time-based (age limit),4.666666666666667,8.4,2.0,59.0,11680000.0
50,FaultWatch plan (fleet MILP),1.8666666666666667,11.200000000000001,1.0,29.0,4830000.0
50,"FaultWatch, itinerary-aware",0.0,1.8666666666666667,1.0,29.0,830000.0
50,Perfect foresight,0.0,0.0,0.0,25.0,500000.0
51,Run to failure,1.8666666666666667,42.0,25.0,0.0,10250000.0
51,Time-based (age limit),0.9333333333333333,15.866666666666667,2.0,59.0,3680000.0
51,FaultWatch plan (fleet MILP),0.0,14.933333333333334,1.0,29.0,830000.0
51,"FaultWatch, itinerary-aware",0.0,1.8666666666666667,1.0,29.0,830000.0
51,Perfect foresight,0.0,0.0,0.0,25.0,500000.0
52,Run to failure,5.6000000000000005,36.4,25.0,0.0,18250000.0
52,Time-based (age limit),3.7333333333333334,11.200000000000001,2.0,59.0,9680000.0
52,FaultWatch plan (fleet MILP),0.9333333333333333,9.333333333333334,1.0,29.0,2830000.0
52,"FaultWatch, itinerary-aware",0.0,1.8666666666666667,1.0,29.0,830000.0
52,Perfect foresight,0.0,0.0,0.0,25.0,500000.0
53,Run to failure,0.9333333333333333,42.93333333333334,25.0,0.0,8250000.0
53,Time-based (age limit),1.8666666666666667,14.933333333333334,2.0,59.0,5680000.0
53,FaultWatch plan (fleet MILP),0.0,11.200000000000001,1.0,29.0,830000.0
53,"FaultWatch, itinerary-aware",0.0,0.9333333333333333,1.0,29.0,830000.0
53,Perfect foresight,0.0,0.0,0.0,25.0,500000.0
54,Run to failure,5.6000000000000005,32.66666666666667,25.0,0.0,18250000.0
54,Time-based (age limit),3.7333333333333334,11.200000000000001,2.0,59.0,9680000.0
54,FaultWatch plan (fleet MILP),0.9333333333333333,12.133333333333335,1.0,29.0,2830000.0
54,"FaultWatch, itinerary-aware",0.0,0.9333333333333333,1.0,29.0,830000.0
54,Perfect foresight,0.0,0.0,0.0,25.0,500000.0
55,Run to failure,2.8000000000000003,40.13333333333333,25.0,0.0,12250000.0
55,Time-based (age limit),1.8666666666666667,14.933333333333334,2.0,59.0,5680000.0
55,FaultWatch plan (fleet MILP),0.0,11.200000000000001,1.0,29.0,830000.0
55,"FaultWatch, itinerary-aware",0.0,1.8666666666666667,1.0,29.0,830000.0
55,Perfect foresight,0.0,0.0,0.0,25.0,500000.0
56,Run to failure,2.8000000000000003,37.333333333333336,25.0,0.0,12250000.0
56,Time-based (age limit),3.7333333333333334,8.4,2.0,59.0,9680000.0
56,FaultWatch plan (fleet MILP),0.0,14.0,1.0,29.0,830000.0
56,"FaultWatch, itinerary-aware",0.0,0.9333333333333333,1.0,29.0,830000.0
56,Perfect foresight,0.0,0.0,0.0,25.0,500000.0
57,Run to failure,1.8666666666666667,43.86666666666667,25.0,0.0,10250000.0
57,Time-based (age limit),1.8666666666666667,13.066666666666666,2.0,59.0,5680000.0
57,FaultWatch plan (fleet MILP),0.0,12.133333333333335,1.0,29.0,830000.0
57,"FaultWatch, itinerary-aware",0.0,0.9333333333333333,1.0,29.0,830000.0
57,Perfect foresight,0.0,0.0,0.0,25.0,500000.0
58,Run to failure,0.9333333333333333,44.800000000000004,25.0,0.0,8250000.0
58,Time-based (age limit),2.8000000000000003,11.200000000000001,2.0,59.0,7680000.0
58,FaultWatch plan (fleet MILP),0.0,8.4,1.0,29.0,830000.0
58,"FaultWatch, itinerary-aware",0.0,0.9333333333333333,1.0,29.0,830000.0
58,Perfect foresight,0.0,0.0,0.0,25.0,500000.0
59,Run to failure,2.8000000000000003,38.266666666666666,25.0,0.0,12250000.0
59,Time-based (age limit),1.8666666666666667,13.066666666666666,2.0,59.0,5680000.0
59,FaultWatch plan (fleet MILP),0.0,13.066666666666666,1.0,29.0,830000.0
59,"FaultWatch, itinerary-aware",0.0,1.8666666666666667,1.0,29.0,830000.0
59,Perfect foresight,0.0,0.0,0.0,25.0,500000.0
60,Run to failure,1.8666666666666667,40.13333333333333,25.0,0.0,10250000.0
60,Time-based (age limit),5.6000000000000005,8.4,2.0,59.0,13680000.0
60,FaultWatch plan (fleet MILP),0.0,12.133333333333335,1.0,29.0,830000.0
60,"FaultWatch, itinerary-aware",0.0,0.9333333333333333,1.0,29.0,830000.0
60,Perfect foresight,0.0,0.0,0.0,25.0,500000.0
61,Run to failure,4.666666666666667,38.266666666666666,25.0,0.0,16250000.0
61,Time-based (age limit),1.8666666666666667,12.133333333333335,2.0,59.0,5680000.0
61,FaultWatch plan (fleet MILP),0.0,10.266666666666667,1.0,29.0,830000.0
61,"FaultWatch, itinerary-aware",0.0,2.8000000000000003,1.0,29.0,830000.0
61,Perfect foresight,0.0,0.0,0.0,25.0,500000.0
62,Run to failure,2.8000000000000003,40.13333333333333,25.0,0.0,12250000.0
62,Time-based (age limit),3.7333333333333334,8.4,2.0,59.0,9680000.0
62,FaultWatch plan (fleet MILP),0.0,17.733333333333334,1.0,29.0,830000.0
62,"FaultWatch, itinerary-aware",0.0,0.9333333333333333,1.0,29.0,830000.0
62,Perfect foresight,0.0,0.0,0.0,25.0,500000.0
63,Run to failure,0.9333333333333333,42.93333333333334,25.0,0.0,8250000.0
63,Time-based (age limit),4.666666666666667,9.333333333333334,2.0,59.0,11680000.0
63,FaultWatch plan (fleet MILP),0.0,13.066666666666666,1.0,29.0,830000.0
63,"FaultWatch, itinerary-aware",0.0,0.9333333333333333,1.0,29.0,830000.0
63,Perfect foresight,0.0,0.0,0.0,25.0,500000.0
64,Run to failure,3.7333333333333334,39.2,25.0,0.0,14250000.0
64,Time-based (age limit),0.9333333333333333,15.866666666666667,2.0,59.0,3680000.0
64,FaultWatch plan (fleet MILP),0.0,14.0,1.0,29.0,830000.0
64,"FaultWatch, itinerary-aware",0.0,0.9333333333333333,1.0,29.0,830000.0
64,Perfect foresight,0.0,0.0,0.0,25.0,500000.0
65,Run to failure,3.7333333333333334,37.333333333333336,25.0,0.0,14250000.0
65,Time-based (age limit),2.8000000000000003,11.200000000000001,2.0,59.0,7680000.0
65,FaultWatch plan (fleet MILP),0.0,14.0,1.0,29.0,830000.0
65,"FaultWatch, itinerary-aware",0.0,2.8000000000000003,1.0,29.0,830000.0
65,Perfect foresight,0.0,0.0,0.0,25.0,500000.0
66,Run to failure,0.9333333333333333,42.93333333333334,25.0,0.0,8250000.0
66,Time-based (age limit),5.6000000000000005,10.266666666666667,2.0,59.0,13680000.0
66,FaultWatch plan (fleet MILP),0.0,11.200000000000001,1.0,29.0,830000.0
66,"FaultWatch, itinerary-aware",0.0,1.8666666666666667,1.0,29.0,830000.0
66,Perfect foresight,0.0,0.0,0.0,25.0,500000.0
67,Run to failure,2.8000000000000003,40.13333333333333,25.0,0.0,12250000.0
67,Time-based (age limit),2.8000000000000003,12.133333333333335,2.0,59.0,7680000.0
67,FaultWatch plan (fleet MILP),0.0,9.333333333333334,1.0,29.0,830000.0
67,"FaultWatch, itinerary-aware",0.0,1.8666666666666667,1.0,29.0,830000.0
67,Perfect foresight,0.0,0.0,0.0,25.0,500000.0
68,Run to failure,0.9333333333333333,44.800000000000004,25.0,0.0,8250000.0
68,Time-based (age limit),0.9333333333333333,16.8,2.0,59.0,3680000.0
68,FaultWatch plan (fleet MILP),0.0,11.200000000000001,1.0,29.0,830000.0
68,"FaultWatch, itinerary-aware",0.0,0.9333333333333333,1.0,29.0,830000.0
68,Perfect foresight,0.0,0.0,0.0,25.0,500000.0
69,Run to failure,5.6000000000000005,34.53333333333333,25.0,0.0,18250000.0
69,Time-based (age limit),0.9333333333333333,14.0,2.0,59.0,3680000.0
69,FaultWatch plan (fleet MILP),0.0,9.333333333333334,1.0,29.0,830000.0
69,"FaultWatch, itinerary-aware",0.0,0.9333333333333333,1.0,29.0,830000.0
69,Perfect foresight,0.0,0.0,0.0,25.0,500000.0
70,Run to failure,5.6000000000000005,34.53333333333333,25.0,0.0,18250000.0
70,Time-based (age limit),2.8000000000000003,10.266666666666667,2.0,59.0,7680000.0
70,FaultWatch plan (fleet MILP),0.0,15.866666666666667,1.0,29.0,830000.0
70,"FaultWatch, itinerary-aware",0.0,0.9333333333333333,1.0,29.0,830000.0
70,Perfect foresight,0.0,0.0,0.0,25.0,500000.0
71,Run to failure,0.9333333333333333,42.93333333333334,25.0,0.0,8250000.0
71,Time-based (age limit),0.0,15.866666666666667,2.0,59.0,1680000.0
71,FaultWatch plan (fleet MILP),0.0,12.133333333333335,1.0,29.0,830000.0
71,"FaultWatch, itinerary-aware",0.0,0.9333333333333333,1.0,29.0,830000.0
71,Perfect foresight,0.0,0.0,0.0,25.0,500000.0
72,Run to failure,2.8000000000000003,42.0,25.0,0.0,12250000.0
72,Time-based (age limit),2.8000000000000003,11.200000000000001,2.0,59.0,7680000.0
72,FaultWatch plan (fleet MILP),0.0,15.866666666666667,1.0,29.0,830000.0
72,"FaultWatch, itinerary-aware",0.0,0.9333333333333333,1.0,29.0,830000.0
72,Perfect foresight,0.0,0.0,0.0,25.0,500000.0
73,Run to failure,1.8666666666666667,41.06666666666667,25.0,0.0,10250000.0
73,Time-based (age limit),3.7333333333333334,8.4,2.0,59.0,9680000.0
73,FaultWatch plan (fleet MILP),0.0,14.0,1.0,29.0,830000.0
73,"FaultWatch, itinerary-aware",0.0,0.9333333333333333,1.0,29.0,830000.0
73,Perfect foresight,0.0,0.0,0.0,25.0,500000.0
74,Run to failure,2.8000000000000003,38.266666666666666,25.0,0.0,12250000.0
74,Time-based (age limit),4.666666666666667,7.466666666666667,2.0,59.0,11680000.0
74,FaultWatch plan (fleet MILP),0.0,13.066666666666666,1.0,29.0,830000.0
74,"FaultWatch, itinerary-aware",0.0,0.9333333333333333,1.0,29.0,830000.0
74,Perfect foresight,0.0,0.0,0.0,25.0,500000.0
75,Run to failure,0.0,42.0,25.0,0.0,6250000.0
75,Time-based (age limit),2.8000000000000003,13.066666666666666,2.0,59.0,7680000.0
75,FaultWatch plan (fleet MILP),0.0,9.333333333333334,1.0,29.0,830000.0
75,"FaultWatch, itinerary-aware",0.0,0.9333333333333333,1.0,29.0,830000.0
75,Perfect foresight,0.0,0.0,0.0,25.0,500000.0
76,Run to failure,3.7333333333333334,36.4,25.0,0.0,14250000.0
76,Time-based (age limit),3.7333333333333334,8.4,2.0,59.0,9680000.0
76,FaultWatch plan (fleet MILP),1.8666666666666667,9.333333333333334,1.0,29.0,4830000.0
76,"FaultWatch, itinerary-aware",0.0,0.9333333333333333,1.0,29.0,830000.0
76,Perfect foresight,0.0,0.0,0.0,25.0,500000.0
77,Run to failure,0.0,44.800000000000004,25.0,0.0,6250000.0
77,Time-based (age limit),2.8000000000000003,12.133333333333335,2.0,59.0,7680000.0
77,FaultWatch plan (fleet MILP),0.9333333333333333,10.266666666666667,1.0,29.0,2830000.0
77,"FaultWatch, itinerary-aware",0.0,1.8666666666666667,1.0,29.0,830000.0
77,Perfect foresight,0.0,0.0,0.0,25.0,500000.0
78,Run to failure,0.0,44.800000000000004,25.0,0.0,6250000.0
78,Time-based (age limit),3.7333333333333334,9.333333333333334,2.0,59.0,9680000.0
78,FaultWatch plan (fleet MILP),0.0,12.133333333333335,1.0,29.0,830000.0
78,"FaultWatch, itinerary-aware",0.0,0.9333333333333333,1.0,29.0,830000.0
78,Perfect foresight,0.0,0.0,0.0,25.0,500000.0
79,Run to failure,0.9333333333333333,44.800000000000004,25.0,0.0,8250000.0
79,Time-based (age limit),3.7333333333333334,11.200000000000001,2.0,59.0,9680000.0
79,FaultWatch plan (fleet MILP),0.0,12.133333333333335,1.0,29.0,830000.0
79,"FaultWatch, itinerary-aware",0.0,1.8666666666666667,1.0,29.0,830000.0
79,Perfect foresight,0.0,0.0,0.0,25.0,500000.0
80,Run to failure,3.7333333333333334,36.4,25.0,0.0,14250000.0
80,Time-based (age limit),0.9333333333333333,15.866666666666667,2.0,59.0,3680000.0
80,FaultWatch plan (fleet MILP),0.0,18.666666666666668,1.0,29.0,830000.0
80,"FaultWatch, itinerary-aware",0.0,1.8666666666666667,1.0,29.0,830000.0
80,Perfect foresight,0.0,0.0,0.0,25.0,500000.0
81,Run to failure,2.8000000000000003,40.13333333333333,25.0,0.0,12250000.0
81,Time-based (age limit),2.8000000000000003,11.200000000000001,2.0,59.0,7680000.0
81,FaultWatch plan (fleet MILP),0.0,11.200000000000001,1.0,29.0,830000.0
81,"FaultWatch, itinerary-aware",0.0,0.9333333333333333,1.0,29.0,830000.0
81,Perfect foresight,0.0,0.0,0.0,25.0,500000.0
82,Run to failure,2.8000000000000003,41.06666666666667,25.0,0.0,12250000.0
82,Time-based (age limit),0.9333333333333333,14.933333333333334,2.0,59.0,3680000.0
82,FaultWatch plan (fleet MILP),0.0,13.066666666666666,1.0,29.0,830000.0
82,"FaultWatch, itinerary-aware",0.0,0.9333333333333333,1.0,29.0,830000.0
82,Perfect foresight,0.0,0.0,0.0,25.0,500000.0
83,Run to failure,1.8666666666666667,40.13333333333333,25.0,0.0,10250000.0
83,Time-based (age limit),2.8000000000000003,10.266666666666667,2.0,59.0,7680000.0
83,FaultWatch plan (fleet MILP),0.0,14.0,1.0,29.0,830000.0
83,"FaultWatch, itinerary-aware",0.0,0.9333333333333333,1.0,29.0,830000.0
83,Perfect foresight,0.0,0.0,0.0,25.0,500000.0
84,Run to failure,0.9333333333333333,44.800000000000004,25.0,0.0,8250000.0
84,Time-based (age limit),1.8666666666666667,14.0,2.0,59.0,5680000.0
84,FaultWatch plan (fleet MILP),0.0,14.933333333333334,1.0,29.0,830000.0
84,"FaultWatch, itinerary-aware",0.0,0.9333333333333333,1.0,29.0,830000.0
84,Perfect foresight,0.0,0.0,0.0,25.0,500000.0
85,Run to failure,2.8000000000000003,37.333333333333336,25.0,0.0,12250000.0
85,Time-based (age limit),3.7333333333333334,9.333333333333334,2.0,59.0,9680000.0
85,FaultWatch plan (fleet MILP),0.0,12.133333333333335,1.0,29.0,830000.0
85,"FaultWatch, itinerary-aware",0.0,1.8666666666666667,1.0,29.0,830000.0
85,Perfect foresight,0.0,0.0,0.0,25.0,500000.0
86,Run to failure,2.8000000000000003,42.93333333333334,25.0,0.0,12250000.0
86,Time-based (age limit),1.8666666666666667,14.0,2.0,59.0,5680000.0
86,FaultWatch plan (fleet MILP),0.0,11.200000000000001,1.0,29.0,830000.0
86,"FaultWatch, itinerary-aware",0.0,0.9333333333333333,1.0,29.0,830000.0
86,Perfect foresight,0.0,0.0,0.0,25.0,500000.0
87,Run to failure,3.7333333333333334,41.06666666666667,25.0,0.0,14250000.0
87,Time-based (age limit),2.8000000000000003,10.266666666666667,2.0,59.0,7680000.0
87,FaultWatch plan (fleet MILP),0.0,12.133333333333335,1.0,29.0,830000.0
87,"FaultWatch, itinerary-aware",0.0,0.9333333333333333,1.0,29.0,830000.0
87,Perfect foresight,0.0,0.0,0.0,25.0,500000.0
88,Run to failure,5.6000000000000005,33.6,25.0,0.0,18250000.0
88,Time-based (age limit),1.8666666666666667,12.133333333333335,2.0,59.0,5680000.0
88,FaultWatch plan (fleet MILP),0.0,14.0,1.0,29.0,830000.0
88,"FaultWatch, itinerary-aware",0.0,0.9333333333333333,1.0,29.0,830000.0
88,Perfect foresight,0.0,0.0,0.0,25.0,500000.0
89,Run to failure,0.9333333333333333,42.93333333333334,25.0,0.0,8250000.0
89,Time-based (age limit),2.8000000000000003,10.266666666666667,2.0,59.0,7680000.0
89,FaultWatch plan (fleet MILP),0.9333333333333333,14.0,1.0,29.0,2830000.0
89,"FaultWatch, itinerary-aware",0.0,1.8666666666666667,1.0,29.0,830000.0
89,Perfect foresight,0.0,0.0,0.0,25.0,500000.0
90,Run to failure,2.8000000000000003,41.06666666666667,25.0,0.0,12250000.0
90,Time-based (age limit),1.8666666666666667,11.200000000000001,2.0,59.0,5680000.0
90,FaultWatch plan (fleet MILP),0.0,12.133333333333335,1.0,29.0,830000.0
90,"FaultWatch, itinerary-aware",0.0,2.8000000000000003,1.0,29.0,830000.0
90,Perfect foresight,0.0,0.0,0.0,25.0,500000.0
91,Run to failure,0.9333333333333333,42.93333333333334,25.0,0.0,8250000.0
91,Time-based (age limit),2.8000000000000003,9.333333333333334,2.0,59.0,7680000.0
91,FaultWatch plan (fleet MILP),0.0,14.0,1.0,29.0,830000.0
91,"FaultWatch, itinerary-aware",0.0,0.9333333333333333,1.0,29.0,830000.0
91,Perfect foresight,0.0,0.0,0.0,25.0,500000.0
92,Run to failure,0.9333333333333333,41.06666666666667,25.0,0.0,8250000.0
92,Time-based (age limit),2.8000000000000003,13.066666666666666,2.0,59.0,7680000.0
92,FaultWatch plan (fleet MILP),0.0,14.933333333333334,1.0,29.0,830000.0
92,"FaultWatch, itinerary-aware",0.0,1.8666666666666667,1.0,29.0,830000.0
92,Perfect foresight,0.0,0.0,0.0,25.0,500000.0
93,Run to failure,4.666666666666667,38.266666666666666,25.0,0.0,16250000.0
93,Time-based (age limit),4.666666666666667,7.466666666666667,2.0,59.0,11680000.0
93,FaultWatch plan (fleet MILP),0.0,14.933333333333334,1.0,29.0,830000.0
93,"FaultWatch, itinerary-aware",0.0,0.9333333333333333,1.0,29.0,830000.0
93,Perfect foresight,0.0,0.0,0.0,25.0,500000.0
94,Run to failure,4.666666666666667,34.53333333333333,25.0,0.0,16250000.0
94,Time-based (age limit),1.8666666666666667,13.066666666666666,2.0,59.0,5680000.0
94,FaultWatch plan (fleet MILP),0.9333333333333333,11.200000000000001,1.0,29.0,2830000.0
94,"FaultWatch, itinerary-aware",0.0,1.8666666666666667,1.0,29.0,830000.0
94,Perfect foresight,0.0,0.0,0.0,25.0,500000.0
95,Run to failure,1.8666666666666667,41.06666666666667,25.0,0.0,10250000.0
95,Time-based (age limit),3.7333333333333334,9.333333333333334,2.0,59.0,9680000.0
95,FaultWatch plan (fleet MILP),0.0,7.466666666666667,1.0,29.0,830000.0
95,"FaultWatch, itinerary-aware",0.0,0.9333333333333333,1.0,29.0,830000.0
95,Perfect foresight,0.0,0.0,0.0,25.0,500000.0
96,Run to failure,4.666666666666667,39.2,25.0,0.0,16250000.0
96,Time-based (age limit),3.7333333333333334,13.066666666666666,2.0,59.0,9680000.0
96,FaultWatch plan (fleet MILP),0.0,15.866666666666667,1.0,29.0,830000.0
96,"FaultWatch, itinerary-aware",0.0,1.8666666666666667,1.0,29.0,830000.0
96,Perfect foresight,0.0,0.0,0.0,25.0,500000.0
97,Run to failure,3.7333333333333334,37.333333333333336,25.0,0.0,14250000.0
97,Time-based (age limit),1.8666666666666667,14.0,2.0,59.0,5680000.0
97,FaultWatch plan (fleet MILP),0.0,13.066666666666666,1.0,29.0,830000.0
97,"FaultWatch, itinerary-aware",0.0,0.9333333333333333,1.0,29.0,830000.0
97,Perfect foresight,0.0,0.0,0.0,25.0,500000.0
98,Run to failure,1.8666666666666667,41.06666666666667,25.0,0.0,10250000.0
98,Time-based (age limit),3.7333333333333334,10.266666666666667,2.0,59.0,9680000.0
98,FaultWatch plan (fleet MILP),0.0,14.0,1.0,29.0,830000.0
98,"FaultWatch, itinerary-aware",0.0,0.9333333333333333,1.0,29.0,830000.0
98,Perfect foresight,0.0,0.0,0.0,25.0,500000.0
99,Run to failure,2.8000000000000003,41.06666666666667,25.0,0.0,12250000.0
99,Time-based (age limit),2.8000000000000003,14.0,2.0,59.0,7680000.0
99,FaultWatch plan (fleet MILP),1.8666666666666667,13.066666666666666,1.0,29.0,4830000.0
99,"FaultWatch, itinerary-aware",0.0,0.9333333333333333,1.0,29.0,830000.0
99,Perfect foresight,0.0,0.0,0.0,25.0,500000.0
100,Run to failure,2.8000000000000003,38.266666666666666,25.0,0.0,12250000.0
100,Time-based (age limit),3.7333333333333334,9.333333333333334,2.0,59.0,9680000.0
100,FaultWatch plan (fleet MILP),0.0,10.266666666666667,1.0,29.0,830000.0
100,"FaultWatch, itinerary-aware",0.0,0.9333333333333333,1.0,29.0,830000.0
100,Perfect foresight,0.0,0.0,0.0,25.0,500000.0
101,Run to failure,1.8666666666666667,42.93333333333334,25.0,0.0,10250000.0
101,Time-based (age limit),3.7333333333333334,11.200000000000001,2.0,59.0,9680000.0
101,FaultWatch plan (fleet MILP),0.9333333333333333,14.933333333333334,1.0,29.0,2830000.0
101,"FaultWatch, itinerary-aware",0.0,0.9333333333333333,1.0,29.0,830000.0
101,Perfect foresight,0.0,0.0,0.0,25.0,500000.0
102,Run to failure,0.0,42.93333333333334,25.0,0.0,6250000.0
102,Time-based (age limit),0.0,14.0,2.0,59.0,1680000.0
102,FaultWatch plan (fleet MILP),0.0,12.133333333333335,1.0,29.0,830000.0
102,"FaultWatch, itinerary-aware",0.0,0.9333333333333333,1.0,29.0,830000.0
102,Perfect foresight,0.0,0.0,0.0,25.0,500000.0
103,Run to failure,2.8000000000000003,42.0,25.0,0.0,12250000.0
103,Time-based (age limit),1.8666666666666667,12.133333333333335,2.0,59.0,5680000.0
103,FaultWatch plan (fleet MILP),0.0,14.0,1.0,29.0,830000.0
103,"FaultWatch, itinerary-aware",0.0,0.9333333333333333,1.0,29.0,830000.0
103,Perfect foresight,0.0,0.0,0.0,25.0,500000.0
104,Run to failure,2.8000000000000003,39.2,25.0,0.0,12250000.0
104,Time-based (age limit),5.6000000000000005,8.4,2.0,59.0,13680000.0
104,FaultWatch plan (fleet MILP),0.9333333333333333,9.333333333333334,1.0,29.0,2830000.0
104,"FaultWatch, itinerary-aware",0.0,0.9333333333333333,1.0,29.0,830000.0
104,Perfect foresight,0.0,0.0,0.0,25.0,500000.0
105,Run to failure,5.6000000000000005,32.66666666666667,25.0,0.0,18250000.0
105,Time-based (age limit),3.7333333333333334,11.200000000000001,2.0,59.0,9680000.0
105,FaultWatch plan (fleet MILP),0.0,14.0,1.0,29.0,830000.0
105,"FaultWatch, itinerary-aware",0.0,0.9333333333333333,1.0,29.0,830000.0
105,Perfect foresight,0.0,0.0,0.0,25.0,500000.0
106,Run to failure,3.7333333333333334,40.13333333333333,25.0,0.0,14250000.0
106,Time-based (age limit),3.7333333333333334,14.0,2.0,59.0,9680000.0
106,FaultWatch plan (fleet MILP),0.0,13.066666666666666,1.0,29.0,830000.0
106,"FaultWatch, itinerary-aware",0.0,0.9333333333333333,1.0,29.0,830000.0
106,Perfect foresight,0.0,0.0,0.0,25.0,500000.0
107,Run to failure,0.9333333333333333,42.93333333333334,25.0,0.0,8250000.0
107,Time-based (age limit),0.9333333333333333,14.0,2.0,59.0,3680000.0
107,FaultWatch plan (fleet MILP),0.0,4.666666666666667,1.0,29.0,830000.0
107,"FaultWatch, itinerary-aware",0.0,0.9333333333333333,1.0,29.0,830000.0
107,Perfect foresight,0.0,0.0,0.0,25.0,500000.0
108,Run to failure,8.4,29.866666666666667,25.0,0.0,24250000.0
108,Time-based (age limit),0.9333333333333333,14.933333333333334,2.0,59.0,3680000.0
108,FaultWatch plan (fleet MILP),0.0,15.866666666666667,1.0,29.0,830000.0
108,"FaultWatch, itinerary-aware",0.0,0.9333333333333333,1.0,29.0,830000.0
108,Perfect foresight,0.0,0.0,0.0,25.0,500000.0
109,Run to failure,1.8666666666666667,42.0,25.0,0.0,10250000.0
109,Time-based (age limit),3.7333333333333334,11.200000000000001,2.0,59.0,9680000.0
109,FaultWatch plan (fleet MILP),0.0,14.933333333333334,1.0,29.0,830000.0
109,"FaultWatch, itinerary-aware",0.0,0.9333333333333333,1.0,29.0,830000.0
109,Perfect foresight,0.0,0.0,0.0,25.0,500000.0
110,Run to failure,3.7333333333333334,37.333333333333336,25.0,0.0,14250000.0
110,Time-based (age limit),3.7333333333333334,10.266666666666667,2.0,59.0,9680000.0
110,FaultWatch plan (fleet MILP),0.9333333333333333,18.666666666666668,1.0,29.0,2830000.0
110,"FaultWatch, itinerary-aware",0.0,0.9333333333333333,1.0,29.0,830000.0
110,Perfect foresight,0.0,0.0,0.0,25.0,500000.0
111,Run to failure,1.8666666666666667,42.0,25.0,0.0,10250000.0
111,Time-based (age limit),2.8000000000000003,12.133333333333335,2.0,59.0,7680000.0
111,FaultWatch plan (fleet MILP),0.0,12.133333333333335,1.0,29.0,830000.0
111,"FaultWatch, itinerary-aware",0.0,1.8666666666666667,1.0,29.0,830000.0
111,Perfect foresight,0.0,0.0,0.0,25.0,500000.0
112,Run to failure,4.666666666666667,37.333333333333336,25.0,0.0,16250000.0
112,Time-based (age limit),1.8666666666666667,12.133333333333335,2.0,59.0,5680000.0
112,FaultWatch plan (fleet MILP),0.9333333333333333,13.066666666666666,1.0,29.0,2830000.0
112,"FaultWatch, itinerary-aware",0.0,1.8666666666666667,1.0,29.0,830000.0
112,Perfect foresight,0.0,0.0,0.0,25.0,500000.0
113,Run to failure,4.666666666666667,40.13333333333333,25.0,0.0,16250000.0
113,Time-based (age limit),1.8666666666666667,12.133333333333335,2.0,59.0,5680000.0
113,FaultWatch plan (fleet MILP),0.0,15.866666666666667,1.0,29.0,830000.0
113,"FaultWatch, itinerary-aware",0.0,4.666666666666667,2.0,28.0,1060000.0
113,Perfect foresight,0.0,0.0,0.0,25.0,500000.0
114,Run to failure,8.4,28.933333333333334,25.0,0.0,24250000.0
114,Time-based (age limit),1.8666666666666667,14.0,2.0,59.0,5680000.0
114,FaultWatch plan (fleet MILP),0.9333333333333333,9.333333333333334,1.0,29.0,2830000.0
114,"FaultWatch, itinerary-aware",0.0,0.9333333333333333,1.0,29.0,830000.0
114,Perfect foresight,0.0,0.0,0.0,25.0,500000.0
115,Run to failure,1.8666666666666667,39.2,25.0,0.0,10250000.0
115,Time-based (age limit),4.666666666666667,9.333333333333334,2.0,59.0,11680000.0
115,FaultWatch plan (fleet MILP),0.9333333333333333,12.133333333333335,1.0,29.0,2830000.0
115,"FaultWatch, itinerary-aware",0.0,1.8666666666666667,1.0,29.0,830000.0
115,Perfect foresight,0.0,0.0,0.0,25.0,500000.0
116,Run to failure,3.7333333333333334,39.2,25.0,0.0,14250000.0
116,Time-based (age limit),2.8000000000000003,11.200000000000001,2.0,59.0,7680000.0
116,FaultWatch plan (fleet MILP),0.0,17.733333333333334,1.0,29.0,830000.0
116,"FaultWatch, itinerary-aware",0.0,0.9333333333333333,1.0,29.0,830000.0
116,Perfect foresight,0.0,0.0,0.0,25.0,500000.0
117,Run to failure,6.533333333333333,28.933333333333334,25.0,0.0,20250000.0
117,Time-based (age limit),1.8666666666666667,12.133333333333335,2.0,59.0,5680000.0
117,FaultWatch plan (fleet MILP),0.9333333333333333,13.066666666666666,1.0,29.0,2830000.0
117,"FaultWatch, itinerary-aware",0.0,1.8666666666666667,1.0,29.0,830000.0
117,Perfect foresight,0.0,0.0,0.0,25.0,500000.0
118,Run to failure,5.6000000000000005,35.46666666666667,25.0,0.0,18250000.0
118,Time-based (age limit),2.8000000000000003,11.200000000000001,2.0,59.0,7680000.0
118,FaultWatch plan (fleet MILP),0.0,11.200000000000001,1.0,29.0,830000.0
118,"FaultWatch, itinerary-aware",0.0,0.9333333333333333,1.0,29.0,830000.0
118,Perfect foresight,0.0,0.0,0.0,25.0,500000.0
119,Run to failure,1.8666666666666667,42.93333333333334,25.0,0.0,10250000.0
119,Time-based (age limit),2.8000000000000003,12.133333333333335,2.0,59.0,7680000.0
119,FaultWatch plan (fleet MILP),0.0,10.266666666666667,1.0,29.0,830000.0
119,"FaultWatch, itinerary-aware",0.0,0.9333333333333333,1.0,29.0,830000.0
119,Perfect foresight,0.0,0.0,0.0,25.0,500000.0
120,Run to failure,4.666666666666667,35.46666666666667,25.0,0.0,16250000.0
120,Time-based (age limit),4.666666666666667,11.200000000000001,2.0,59.0,11680000.0
120,FaultWatch plan (fleet MILP),0.0,12.133333333333335,1.0,29.0,830000.0
120,"FaultWatch, itinerary-aware",0.0,0.9333333333333333,1.0,29.0,830000.0
120,Perfect foresight,0.0,0.0,0.0,25.0,500000.0
121,Run to failure,2.8000000000000003,39.2,25.0,0.0,12250000.0
121,Time-based (age limit),1.8666666666666667,12.133333333333335,2.0,59.0,5680000.0
121,FaultWatch plan (fleet MILP),0.9333333333333333,12.133333333333335,1.0,29.0,2830000.0
121,"FaultWatch, itinerary-aware",0.0,1.8666666666666667,1.0,29.0,830000.0
121,Perfect foresight,0.0,0.0,0.0,25.0,500000.0
122,Run to failure,0.9333333333333333,42.93333333333334,25.0,0.0,8250000.0
122,Time-based (age limit),3.7333333333333334,9.333333333333334,2.0,59.0,9680000.0
122,FaultWatch plan (fleet MILP),0.9333333333333333,14.0,1.0,29.0,2830000.0
122,"FaultWatch, itinerary-aware",0.0,0.9333333333333333,1.0,29.0,830000.0
122,Perfect foresight,0.0,0.0,0.0,25.0,500000.0
123,Run to failure,2.8000000000000003,40.13333333333333,25.0,0.0,12250000.0
123,Time-based (age limit),1.8666666666666667,13.066666666666666,2.0,59.0,5680000.0
123,FaultWatch plan (fleet MILP),0.0,14.933333333333334,1.0,29.0,830000.0
123,"FaultWatch, itinerary-aware",0.0,1.8666666666666667,1.0,29.0,830000.0
123,Perfect foresight,0.0,0.0,0.0,25.0,500000.0
124,Run to failure,0.9333333333333333,43.86666666666667,25.0,0.0,8250000.0
124,Time-based (age limit),0.9333333333333333,13.066666666666666,2.0,59.0,3680000.0
124,FaultWatch plan (fleet MILP),0.0,10.266666666666667,1.0,29.0,830000.0
124,"FaultWatch, itinerary-aware",0.0,0.9333333333333333,1.0,29.0,830000.0
124,Perfect foresight,0.0,0.0,0.0,25.0,500000.0
125,Run to failure,8.4,28.933333333333334,25.0,0.0,24250000.0
125,Time-based (age limit),2.8000000000000003,11.200000000000001,2.0,59.0,7680000.0
125,FaultWatch plan (fleet MILP),0.0,18.666666666666668,1.0,29.0,830000.0
125,"FaultWatch, itinerary-aware",0.0,2.8000000000000003,1.0,29.0,830000.0
125,Perfect foresight,0.0,0.0,0.0,25.0,500000.0
126,Run to failure,0.0,46.66666666666667,25.0,0.0,6250000.0
126,Time-based (age limit),2.8000000000000003,12.133333333333335,2.0,59.0,7680000.0
126,FaultWatch plan (fleet MILP),0.0,14.933333333333334,1.0,29.0,830000.0
126,"FaultWatch, itinerary-aware",0.0,0.9333333333333333,1.0,29.0,830000.0
126,Perfect foresight,0.0,0.0,0.0,25.0,500000.0
127,Run to failure,1.8666666666666667,38.266666666666666,25.0,0.0,10250000.0
127,Time-based (age limit),3.7333333333333334,9.333333333333334,2.0,59.0,9680000.0
127,FaultWatch plan (fleet MILP),0.0,12.133333333333335,1.0,29.0,830000.0
127,"FaultWatch, itinerary-aware",0.0,0.9333333333333333,1.0,29.0,830000.0
127,Perfect foresight,0.0,0.0,0.0,25.0,500000.0
128,Run to failure,1.8666666666666667,42.93333333333334,25.0,0.0,10250000.0
128,Time-based (age limit),0.9333333333333333,12.133333333333335,2.0,59.0,3680000.0
128,FaultWatch plan (fleet MILP),0.0,10.266666666666667,1.0,29.0,830000.0
128,"FaultWatch, itinerary-aware",0.0,2.8000000000000003,1.0,29.0,830000.0
128,Perfect foresight,0.0,0.0,0.0,25.0,500000.0
129,Run to failure,3.7333333333333334,38.266666666666666,25.0,0.0,14250000.0
129,Time-based (age limit),2.8000000000000003,12.133333333333335,2.0,59.0,7680000.0
129,FaultWatch plan (fleet MILP),0.0,14.0,1.0,29.0,830000.0
129,"FaultWatch, itinerary-aware",0.0,0.9333333333333333,1.0,29.0,830000.0
129,Perfect foresight,0.0,0.0,0.0,25.0,500000.0
130,Run to failure,8.4,26.133333333333333,25.0,0.0,24250000.0
130,Time-based (age limit),0.0,14.933333333333334,2.0,59.0,1680000.0
130,FaultWatch plan (fleet MILP),2.8000000000000003,8.4,1.0,29.0,6830000.0
130,"FaultWatch, itinerary-aware",0.0,3.7333333333333334,2.0,28.0,1060000.0
130,Perfect foresight,0.0,0.0,0.0,25.0,500000.0
131,Run to failure,1.8666666666666667,39.2,25.0,0.0,10250000.0
131,Time-based (age limit),1.8666666666666667,13.066666666666666,2.0,59.0,5680000.0
131,FaultWatch plan (fleet MILP),0.0,13.066666666666666,1.0,29.0,830000.0
131,"FaultWatch, itinerary-aware",0.0,0.9333333333333333,1.0,29.0,830000.0
131,Perfect foresight,0.0,0.0,0.0,25.0,500000.0
132,Run to failure,3.7333333333333334,40.13333333333333,25.0,0.0,14250000.0
132,Time-based (age limit),3.7333333333333334,8.4,2.0,59.0,9680000.0
132,FaultWatch plan (fleet MILP),0.9333333333333333,9.333333333333334,1.0,29.0,2830000.0
132,"FaultWatch, itinerary-aware",0.0,0.9333333333333333,1.0,29.0,830000.0
132,Perfect foresight,0.0,0.0,0.0,25.0,500000.0
133,Run to failure,2.8000000000000003,39.2,25.0,0.0,12250000.0
133,Time-based (age limit),2.8000000000000003,11.200000000000001,2.0,59.0,7680000.0
133,FaultWatch plan (fleet MILP),0.0,16.8,1.0,29.0,830000.0
133,"FaultWatch, itinerary-aware",0.0,0.9333333333333333,1.0,29.0,830000.0
133,Perfect foresight,0.0,0.0,0.0,25.0,500000.0
134,Run to failure,2.8000000000000003,42.0,25.0,0.0,12250000.0
134,Time-based (age limit),3.7333333333333334,10.266666666666667,2.0,59.0,9680000.0
134,FaultWatch plan (fleet MILP),0.0,11.200000000000001,1.0,29.0,830000.0
134,"FaultWatch, itinerary-aware",0.0,0.9333333333333333,1.0,29.0,830000.0
134,Perfect foresight,0.0,0.0,0.0,25.0,500000.0
135,Run to failure,2.8000000000000003,39.2,25.0,0.0,12250000.0
135,Time-based (age limit),4.666666666666667,7.466666666666667,2.0,59.0,11680000.0
135,FaultWatch plan (fleet MILP),0.0,13.066666666666666,1.0,29.0,830000.0
135,"FaultWatch, itinerary-aware",0.0,4.666666666666667,2.0,28.0,1060000.0
135,Perfect foresight,0.0,0.0,0.0,25.0,500000.0
136,Run to failure,2.8000000000000003,38.266666666666666,25.0,0.0,12250000.0
136,Time-based (age limit),0.9333333333333333,14.933333333333334,2.0,59.0,3680000.0
136,FaultWatch plan (fleet MILP),0.0,14.0,1.0,29.0,830000.0
136,"FaultWatch, itinerary-aware",0.0,0.9333333333333333,1.0,29.0,830000.0
136,Perfect foresight,0.0,0.0,0.0,25.0,500000.0
137,Run to failure,3.7333333333333334,37.333333333333336,25.0,0.0,14250000.0
137,Time-based (age limit),0.9333333333333333,14.0,2.0,59.0,3680000.0
137,FaultWatch plan (fleet MILP),1.8666666666666667,9.333333333333334,1.0,29.0,4830000.0
137,"FaultWatch, itinerary-aware",0.0,0.9333333333333333,1.0,29.0,830000.0
137,Perfect foresight,0.0,0.0,0.0,25.0,500000.0
138,Run to failure,3.7333333333333334,37.333333333333336,25.0,0.0,14250000.0
138,Time-based (age limit),2.8000000000000003,13.066666666666666,2.0,59.0,7680000.0
138,FaultWatch plan (fleet MILP),0.9333333333333333,11.200000000000001,1.0,29.0,2830000.0
138,"FaultWatch, itinerary-aware",0.0,0.9333333333333333,1.0,29.0,830000.0
138,Perfect foresight,0.0,0.0,0.0,25.0,500000.0
139,Run to failure,1.8666666666666667,39.2,25.0,0.0,10250000.0
139,Time-based (age limit),2.8000000000000003,11.200000000000001,2.0,59.0,7680000.0
139,FaultWatch plan (fleet MILP),0.9333333333333333,10.266666666666667,1.0,29.0,2830000.0
139,"FaultWatch, itinerary-aware",0.0,1.8666666666666667,1.0,29.0,830000.0
139,Perfect foresight,0.0,0.0,0.0,25.0,500000.0
140,Run to failure,3.7333333333333334,36.4,25.0,0.0,14250000.0
140,Time-based (age limit),2.8000000000000003,12.133333333333335,2.0,59.0,7680000.0
140,FaultWatch plan (fleet MILP),1.8666666666666667,14.933333333333334,1.0,29.0,4830000.0
140,"FaultWatch, itinerary-aware",0.0,1.8666666666666667,1.0,29.0,830000.0
140,Perfect foresight,0.0,0.0,0.0,25.0,500000.0
141,Run to failure,2.8000000000000003,38.266666666666666,25.0,0.0,12250000.0
141,Time-based (age limit),2.8000000000000003,12.133333333333335,2.0,59.0,7680000.0
141,FaultWatch plan (fleet MILP),0.0,11.200000000000001,1.0,29.0,830000.0
141,"FaultWatch, itinerary-aware",0.0,0.9333333333333333,1.0,29.0,830000.0
141,Perfect foresight,0.0,0.0,0.0,25.0,500000.0
142,Run to failure,4.666666666666667,37.333333333333336,25.0,0.0,16250000.0
142,Time-based (age limit),3.7333333333333334,9.333333333333334,2.0,59.0,9680000.0
142,FaultWatch plan (fleet MILP),0.9333333333333333,8.4,1.0,29.0,2830000.0
142,"FaultWatch, itinerary-aware",0.0,4.666666666666667,2.0,28.0,1060000.0
142,Perfect foresight,0.0,0.0,0.0,25.0,500000.0
143,Run to failure,1.8666666666666667,39.2,25.0,0.0,10250000.0
143,Time-based (age limit),1.8666666666666667,13.066666666666666,2.0,59.0,5680000.0
143,FaultWatch plan (fleet MILP),0.0,14.0,1.0,29.0,830000.0
143,"FaultWatch, itinerary-aware",0.0,0.9333333333333333,1.0,29.0,830000.0
143,Perfect foresight,0.0,0.0,0.0,25.0,500000.0
144,Run to failure,7.466666666666667,35.46666666666667,25.0,0.0,22250000.0
144,Time-based (age limit),2.8000000000000003,12.133333333333335,2.0,59.0,7680000.0
144,FaultWatch plan (fleet MILP),0.0,11.200000000000001,1.0,29.0,830000.0
144,"FaultWatch, itinerary-aware",0.0,1.8666666666666667,1.0,29.0,830000.0
144,Perfect foresight,0.0,0.0,0.0,25.0,500000.0
145,Run to failure,4.666666666666667,39.2,25.0,0.0,16250000.0
145,Time-based (age limit),0.9333333333333333,14.933333333333334,2.0,59.0,3680000.0
145,FaultWatch plan (fleet MILP),0.0,11.200000000000001,1.0,29.0,830000.0
145,"FaultWatch, itinerary-aware",0.0,1.8666666666666667,1.0,29.0,830000.0
145,Perfect foresight,0.0,0.0,0.0,25.0,500000.0
146,Run to failure,3.7333333333333334,34.53333333333333,25.0,0.0,14250000.0
146,Time-based (age limit),1.8666666666666667,13.066666666666666,2.0,59.0,5680000.0
146,FaultWatch plan (fleet MILP),0.0,14.0,1.0,29.0,830000.0
146,"FaultWatch, itinerary-aware",0.0,1.8666666666666667,1.0,29.0,830000.0
146,Perfect foresight,0.0,0.0,0.0,25.0,500000.0
147,Run to failure,1.8666666666666667,42.93333333333334,25.0,0.0,10250000.0
147,Time-based (age limit),2.8000000000000003,12.133333333333335,2.0,59.0,7680000.0
147,FaultWatch plan (fleet MILP),0.0,16.8,1.0,29.0,830000.0
147,"FaultWatch, itinerary-aware",0.0,1.8666666666666667,1.0,29.0,830000.0
147,Perfect foresight,0.0,0.0,0.0,25.0,500000.0
148,Run to failure,4.666666666666667,40.13333333333333,25.0,0.0,16250000.0
148,Time-based (age limit),2.8000000000000003,10.266666666666667,2.0,59.0,7680000.0
148,FaultWatch plan (fleet MILP),0.0,12.133333333333335,1.0,29.0,830000.0
148,"FaultWatch, itinerary-aware",0.0,0.9333333333333333,1.0,29.0,830000.0
148,Perfect foresight,0.0,0.0,0.0,25.0,500000.0
149,Run to failure,1.8666666666666667,40.13333333333333,25.0,0.0,10250000.0
149,Time-based (age limit),2.8000000000000003,14.0,2.0,59.0,7680000.0
149,FaultWatch plan (fleet MILP),1.8666666666666667,10.266666666666667,1.0,29.0,4830000.0
149,"FaultWatch, itinerary-aware",0.0,1.8666666666666667,1.0,29.0,830000.0
149,Perfect foresight,0.0,0.0,0.0,25.0,500000.0
150,Run to failure,3.7333333333333334,35.46666666666667,25.0,0.0,14250000.0
150,Time-based (age limit),0.9333333333333333,13.066666666666666,2.0,59.0,3680000.0
150,FaultWatch plan (fleet MILP),0.0,13.066666666666666,1.0,29.0,830000.0
150,"FaultWatch, itinerary-aware",0.0,0.9333333333333333,1.0,29.0,830000.0
150,Perfect foresight,0.0,0.0,0.0,25.0,500000.0
151,Run to failure,1.8666666666666667,42.0,25.0,0.0,10250000.0
151,Time-based (age limit),2.8000000000000003,11.200000000000001,2.0,59.0,7680000.0
151,FaultWatch plan (fleet MILP),0.0,11.200000000000001,1.0,29.0,830000.0
151,"FaultWatch, itinerary-aware",0.0,0.9333333333333333,1.0,29.0,830000.0
151,Perfect foresight,0.0,0.0,0.0,25.0,500000.0
152,Run to failure,5.6000000000000005,35.46666666666667,25.0,0.0,18250000.0
152,Time-based (age limit),2.8000000000000003,14.933333333333334,2.0,59.0,7680000.0
152,FaultWatch plan (fleet MILP),0.0,12.133333333333335,1.0,29.0,830000.0
152,"FaultWatch, itinerary-aware",0.0,1.8666666666666667,1.0,29.0,830000.0
152,Perfect foresight,0.0,0.0,0.0,25.0,500000.0
153,Run to failure,4.666666666666667,35.46666666666667,25.0,0.0,16250000.0
153,Time-based (age limit),1.8666666666666667,12.133333333333335,2.0,59.0,5680000.0
153,FaultWatch plan (fleet MILP),1.8666666666666667,12.133333333333335,1.0,29.0,4830000.0
153,"FaultWatch, itinerary-aware",0.0,1.8666666666666667,1.0,29.0,830000.0
153,Perfect foresight,0.0,0.0,0.0,25.0,500000.0
154,Run to failure,2.8000000000000003,37.333333333333336,25.0,0.0,12250000.0
154,Time-based (age limit),2.8000000000000003,14.0,2.0,59.0,7680000.0
154,FaultWatch plan (fleet MILP),0.0,17.733333333333334,1.0,29.0,830000.0
154,"FaultWatch, itinerary-aware",0.0,0.9333333333333333,1.0,29.0,830000.0
154,Perfect foresight,0.0,0.0,0.0,25.0,500000.0
155,Run to failure,4.666666666666667,35.46666666666667,25.0,0.0,16250000.0
155,Time-based (age limit),0.9333333333333333,14.933333333333334,2.0,59.0,3680000.0
155,FaultWatch plan (fleet MILP),0.0,14.933333333333334,1.0,29.0,830000.0
155,"FaultWatch, itinerary-aware",0.0,1.8666666666666667,1.0,29.0,830000.0
155,Perfect foresight,0.0,0.0,0.0,25.0,500000.0
156,Run to failure,0.9333333333333333,42.0,25.0,0.0,8250000.0
156,Time-based (age limit),3.7333333333333334,14.0,2.0,59.0,9680000.0
156,FaultWatch plan (fleet MILP),0.0,11.200000000000001,1.0,29.0,830000.0
156,"FaultWatch, itinerary-aware",0.0,0.9333333333333333,1.0,29.0,830000.0
156,Perfect foresight,0.0,0.0,0.0,25.0,500000.0
157,Run to failure,4.666666666666667,34.53333333333333,25.0,0.0,16250000.0
157,Time-based (age limit),2.8000000000000003,10.266666666666667,2.0,59.0,7680000.0
157,FaultWatch plan (fleet MILP),0.0,12.133333333333335,1.0,29.0,830000.0
157,"FaultWatch, itinerary-aware",0.0,0.9333333333333333,1.0,29.0,830000.0
157,Perfect foresight,0.0,0.0,0.0,25.0,500000.0
158,Run to failure,1.8666666666666667,41.06666666666667,25.0,0.0,10250000.0
158,Time-based (age limit),4.666666666666667,11.200000000000001,2.0,59.0,11680000.0
158,FaultWatch plan (fleet MILP),0.0,17.733333333333334,1.0,29.0,830000.0
158,"FaultWatch, itinerary-aware",0.0,0.9333333333333333,1.0,29.0,830000.0
158,Perfect foresight,0.0,0.0,0.0,25.0,500000.0
159,Run to failure,1.8666666666666667,40.13333333333333,25.0,0.0,10250000.0
159,Time-based (age limit),2.8000000000000003,11.200000000000001,2.0,59.0,7680000.0
159,FaultWatch plan (fleet MILP),0.9333333333333333,14.933333333333334,1.0,29.0,2830000.0
159,"FaultWatch, itinerary-aware",0.0,0.9333333333333333,1.0,29.0,830000.0
159,Perfect foresight,0.0,0.0,0.0,25.0,500000.0
160,Run to failure,4.666666666666667,36.4,25.0,0.0,16250000.0
160,Time-based (age limit),2.8000000000000003,11.200000000000001,2.0,59.0,7680000.0
160,FaultWatch plan (fleet MILP),0.0,15.866666666666667,1.0,29.0,830000.0
160,"FaultWatch, itinerary-aware",0.0,2.8000000000000003,1.0,29.0,830000.0
160,Perfect foresight,0.0,0.0,0.0,25.0,500000.0
161,Run to failure,2.8000000000000003,38.266666666666666,25.0,0.0,12250000.0
161,Time-based (age limit),1.8666666666666667,14.0,2.0,59.0,5680000.0
161,FaultWatch plan (fleet MILP),0.0,14.0,1.0,29.0,830000.0
161,"FaultWatch, itinerary-aware",0.0,1.8666666666666667,1.0,29.0,830000.0
161,Perfect foresight,0.0,0.0,0.0,25.0,500000.0
162,Run to failure,3.7333333333333334,40.13333333333333,25.0,0.0,14250000.0
162,Time-based (age limit),2.8000000000000003,12.133333333333335,2.0,59.0,7680000.0
162,FaultWatch plan (fleet MILP),2.8000000000000003,12.133333333333335,1.0,29.0,6830000.0
162,"FaultWatch, itinerary-aware",0.0,0.9333333333333333,1.0,29.0,830000.0
162,Perfect foresight,0.0,0.0,0.0,25.0,500000.0
163,Run to failure,3.7333333333333334,38.266666666666666,25.0,0.0,14250000.0
163,Time-based (age limit),2.8000000000000003,13.066666666666666,2.0,59.0,7680000.0
163,FaultWatch plan (fleet MILP),0.0,12.133333333333335,1.0,29.0,830000.0
163,"FaultWatch, itinerary-aware",0.0,1.8666666666666667,1.0,29.0,830000.0
163,Perfect foresight,0.0,0.0,0.0,25.0,500000.0
164,Run to failure,0.9333333333333333,46.66666666666667,25.0,0.0,8250000.0
164,Time-based (age limit),4.666666666666667,10.266666666666667,2.0,59.0,11680000.0
164,FaultWatch plan (fleet MILP),0.0,13.066666666666666,1.0,29.0,830000.0
164,"FaultWatch, itinerary-aware",0.0,0.9333333333333333,1.0,29.0,830000.0
164,Perfect foresight,0.0,0.0,0.0,25.0,500000.0
165,Run to failure,2.8000000000000003,41.06666666666667,25.0,0.0,12250000.0
165,Time-based (age limit),3.7333333333333334,8.4,2.0,59.0,9680000.0
165,FaultWatch plan (fleet MILP),0.0,10.266666666666667,1.0,29.0,830000.0
165,"FaultWatch, itinerary-aware",0.0,0.9333333333333333,1.0,29.0,830000.0
165,Perfect foresight,0.0,0.0,0.0,25.0,500000.0
166,Run to failure,7.466666666666667,29.866666666666667,25.0,0.0,22250000.0
166,Time-based (age limit),2.8000000000000003,10.266666666666667,2.0,59.0,7680000.0
166,FaultWatch plan (fleet MILP),0.0,13.066666666666666,1.0,29.0,830000.0
166,"FaultWatch, itinerary-aware",0.0,0.9333333333333333,1.0,29.0,830000.0
166,Perfect foresight,0.0,0.0,0.0,25.0,500000.0
167,Run to failure,4.666666666666667,36.4,25.0,0.0,16250000.0
167,Time-based (age limit),0.9333333333333333,14.0,2.0,59.0,3680000.0
167,FaultWatch plan (fleet MILP),0.9333333333333333,6.533333333333333,1.0,29.0,2830000.0
167,"FaultWatch, itinerary-aware",0.0,1.8666666666666667,1.0,29.0,830000.0
167,Perfect foresight,0.0,0.0,0.0,25.0,500000.0
168,Run to failure,5.6000000000000005,35.46666666666667,25.0,0.0,18250000.0
168,Time-based (age limit),3.7333333333333334,13.066666666666666,2.0,59.0,9680000.0
168,FaultWatch plan (fleet MILP),0.0,14.933333333333334,1.0,29.0,830000.0
168,"FaultWatch, itinerary-aware",0.0,0.9333333333333333,1.0,29.0,830000.0
168,Perfect foresight,0.0,0.0,0.0,25.0,500000.0
169,Run to failure,3.7333333333333334,39.2,25.0,0.0,14250000.0
169,Time-based (age limit),3.7333333333333334,12.133333333333335,2.0,59.0,9680000.0
169,FaultWatch plan (fleet MILP),0.0,9.333333333333334,1.0,29.0,830000.0
169,"FaultWatch, itinerary-aware",0.0,0.9333333333333333,1.0,29.0,830000.0
169,Perfect foresight,0.0,0.0,0.0,25.0,500000.0
170,Run to failure,1.8666666666666667,38.266666666666666,25.0,0.0,10250000.0
170,Time-based (age limit),3.7333333333333334,10.266666666666667,2.0,59.0,9680000.0
170,FaultWatch plan (fleet MILP),0.9333333333333333,8.4,1.0,29.0,2830000.0
170,"FaultWatch, itinerary-aware",0.0,0.9333333333333333,1.0,29.0,830000.0
170,Perfect foresight,0.0,0.0,0.0,25.0,500000.0
171,Run to failure,2.8000000000000003,40.13333333333333,25.0,0.0,12250000.0
171,Time-based (age limit),4.666666666666667,9.333333333333334,2.0,59.0,11680000.0
171,FaultWatch plan (fleet MILP),0.0,9.333333333333334,1.0,29.0,830000.0
171,"FaultWatch, itinerary-aware",0.0,1.8666666666666667,1.0,29.0,830000.0
171,Perfect foresight,0.0,0.0,0.0,25.0,500000.0
172,Run to failure,3.7333333333333334,37.333333333333336,25.0,0.0,14250000.0
172,Time-based (age limit),3.7333333333333334,11.200000000000001,2.0,59.0,9680000.0
172,FaultWatch plan (fleet MILP),0.9333333333333333,11.200000000000001,1.0,29.0,2830000.0
172,"FaultWatch, itinerary-aware",0.0,1.8666666666666667,1.0,29.0,830000.0
172,Perfect foresight,0.0,0.0,0.0,25.0,500000.0
173,Run to failure,2.8000000000000003,37.333333333333336,25.0,0.0,12250000.0
173,Time-based (age limit),2.8000000000000003,10.266666666666667,2.0,59.0,7680000.0
173,FaultWatch plan (fleet MILP),0.9333333333333333,10.266666666666667,1.0,29.0,2830000.0
173,"FaultWatch, itinerary-aware",0.0,0.9333333333333333,1.0,29.0,830000.0
173,Perfect foresight,0.0,0.0,0.0,25.0,500000.0
174,Run to failure,1.8666666666666667,42.0,25.0,0.0,10250000.0
174,Time-based (age limit),1.8666666666666667,14.933333333333334,2.0,59.0,5680000.0
174,FaultWatch plan (fleet MILP),0.0,14.0,1.0,29.0,830000.0
174,"FaultWatch, itinerary-aware",0.0,1.8666666666666667,1.0,29.0,830000.0
174,Perfect foresight,0.0,0.0,0.0,25.0,500000.0
175,Run to failure,1.8666666666666667,40.13333333333333,25.0,0.0,10250000.0
175,Time-based (age limit),4.666666666666667,8.4,2.0,59.0,11680000.0
175,FaultWatch plan (fleet MILP),0.0,12.133333333333335,1.0,29.0,830000.0
175,"FaultWatch, itinerary-aware",0.0,0.9333333333333333,1.0,29.0,830000.0
175,Perfect foresight,0.0,0.0,0.0,25.0,500000.0
176,Run to failure,5.6000000000000005,33.6,25.0,0.0,18250000.0
176,Time-based (age limit),2.8000000000000003,10.266666666666667,2.0,59.0,7680000.0
176,FaultWatch plan (fleet MILP),0.0,13.066666666666666,1.0,29.0,830000.0
176,"FaultWatch, itinerary-aware",0.0,0.9333333333333333,1.0,29.0,830000.0
176,Perfect foresight,0.0,0.0,0.0,25.0,500000.0
177,Run to failure,7.466666666666667,28.933333333333334,25.0,0.0,22250000.0
177,Time-based (age limit),5.6000000000000005,7.466666666666667,2.0,59.0,13680000.0
177,FaultWatch plan (fleet MILP),0.9333333333333333,12.133333333333335,1.0,29.0,2830000.0
177,"FaultWatch, itinerary-aware",0.0,0.9333333333333333,1.0,29.0,830000.0
177,Perfect foresight,0.0,0.0,0.0,25.0,500000.0
178,Run to failure,2.8000000000000003,37.333333333333336,25.0,0.0,12250000.0
178,Time-based (age limit),4.666666666666667,9.333333333333334,2.0,59.0,11680000.0
178,FaultWatch plan (fleet MILP),0.0,12.133333333333335,1.0,29.0,830000.0
178,"FaultWatch, itinerary-aware",0.0,0.9333333333333333,1.0,29.0,830000.0
178,Perfect foresight,0.0,0.0,0.0,25.0,500000.0
179,Run to failure,1.8666666666666667,43.86666666666667,25.0,0.0,10250000.0
179,Time-based (age limit),0.9333333333333333,14.933333333333334,2.0,59.0,3680000.0
179,FaultWatch plan (fleet MILP),0.0,12.133333333333335,1.0,29.0,830000.0
179,"FaultWatch, itinerary-aware",0.0,1.8666666666666667,1.0,29.0,830000.0
179,Perfect foresight,0.0,0.0,0.0,25.0,500000.0
180,Run to failure,0.9333333333333333,45.733333333333334,25.0,0.0,8250000.0
180,Time-based (age limit),3.7333333333333334,14.0,2.0,59.0,9680000.0
180,FaultWatch plan (fleet MILP),0.0,14.0,1.0,29.0,830000.0
180,"FaultWatch, itinerary-aware",0.0,1.8666666666666667,1.0,29.0,830000.0
180,Perfect foresight,0.0,0.0,0.0,25.0,500000.0
181,Run to failure,3.7333333333333334,37.333333333333336,25.0,0.0,14250000.0
181,Time-based (age limit),5.6000000000000005,9.333333333333334,2.0,59.0,13680000.0
181,FaultWatch plan (fleet MILP),0.0,8.4,1.0,29.0,830000.0
181,"FaultWatch, itinerary-aware",0.0,1.8666666666666667,1.0,29.0,830000.0
181,Perfect foresight,0.0,0.0,0.0,25.0,500000.0
182,Run to failure,3.7333333333333334,39.2,25.0,0.0,14250000.0
182,Time-based (age limit),2.8000000000000003,12.133333333333335,2.0,59.0,7680000.0
182,FaultWatch plan (fleet MILP),0.9333333333333333,11.200000000000001,1.0,29.0,2830000.0
182,"FaultWatch, itinerary-aware",0.0,1.8666666666666667,1.0,29.0,830000.0
182,Perfect foresight,0.0,0.0,0.0,25.0,500000.0
183,Run to failure,3.7333333333333334,37.333333333333336,25.0,0.0,14250000.0
183,Time-based (age limit),1.8666666666666667,11.200000000000001,2.0,59.0,5680000.0
183,FaultWatch plan (fleet MILP),0.0,11.200000000000001,1.0,29.0,830000.0
183,"FaultWatch, itinerary-aware",0.0,0.9333333333333333,1.0,29.0,830000.0
183,Perfect foresight,0.0,0.0,0.0,25.0,500000.0
184,Run to failure,1.8666666666666667,44.800000000000004,25.0,0.0,10250000.0
184,Time-based (age limit),2.8000000000000003,12.133333333333335,2.0,59.0,7680000.0
184,FaultWatch plan (fleet MILP),0.9333333333333333,12.133333333333335,1.0,29.0,2830000.0
184,"FaultWatch, itinerary-aware",0.0,1.8666666666666667,1.0,29.0,830000.0
184,Perfect foresight,0.0,0.0,0.0,25.0,500000.0
185,Run to failure,1.8666666666666667,42.0,25.0,0.0,10250000.0
185,Time-based (age limit),3.7333333333333334,11.200000000000001,2.0,59.0,9680000.0
185,FaultWatch plan (fleet MILP),1.8666666666666667,11.200000000000001,1.0,29.0,4830000.0
185,"FaultWatch, itinerary-aware",0.0,1.8666666666666667,1.0,29.0,830000.0
185,Perfect foresight,0.0,0.0,0.0,25.0,500000.0
186,Run to failure,1.8666666666666667,40.13333333333333,25.0,0.0,10250000.0
186,Time-based (age limit),2.8000000000000003,11.200000000000001,2.0,59.0,7680000.0
186,FaultWatch plan (fleet MILP),0.0,15.866666666666667,1.0,29.0,830000.0
186,"FaultWatch, itinerary-aware",0.0,0.9333333333333333,1.0,29.0,830000.0
186,Perfect foresight,0.0,0.0,0.0,25.0,500000.0
187,Run to failure,0.9333333333333333,44.800000000000004,25.0,0.0,8250000.0
187,Time-based (age limit),2.8000000000000003,13.066666666666666,2.0,59.0,7680000.0
187,FaultWatch plan (fleet MILP),0.0,14.0,1.0,29.0,830000.0
187,"FaultWatch, itinerary-aware",0.0,0.9333333333333333,1.0,29.0,830000.0
187,Perfect foresight,0.0,0.0,0.0,25.0,500000.0
188,Run to failure,2.8000000000000003,43.86666666666667,25.0,0.0,12250000.0
188,Time-based (age limit),2.8000000000000003,13.066666666666666,2.0,59.0,7680000.0
188,FaultWatch plan (fleet MILP),0.0,9.333333333333334,1.0,29.0,830000.0
188,"FaultWatch, itinerary-aware",0.0,1.8666666666666667,1.0,29.0,830000.0
188,Perfect foresight,0.0,0.0,0.0,25.0,500000.0
189,Run to failure,2.8000000000000003,42.93333333333334,25.0,0.0,12250000.0
189,Time-based (age limit),2.8000000000000003,12.133333333333335,2.0,59.0,7680000.0
189,FaultWatch plan (fleet MILP),0.0,14.0,1.0,29.0,830000.0
189,"FaultWatch, itinerary-aware",0.0,0.9333333333333333,1.0,29.0,830000.0
189,Perfect foresight,0.0,0.0,0.0,25.0,500000.0
190,Run to failure,1.8666666666666667,40.13333333333333,25.0,0.0,10250000.0
190,Time-based (age limit),3.7333333333333334,9.333333333333334,2.0,59.0,9680000.0
190,FaultWatch plan (fleet MILP),0.9333333333333333,11.200000000000001,1.0,29.0,2830000.0
190,"FaultWatch, itinerary-aware",0.0,0.9333333333333333,1.0,29.0,830000.0
190,Perfect foresight,0.0,0.0,0.0,25.0,500000.0
191,Run to failure,0.9333333333333333,43.86666666666667,25.0,0.0,8250000.0
191,Time-based (age limit),1.8666666666666667,13.066666666666666,2.0,59.0,5680000.0
191,FaultWatch plan (fleet MILP),0.9333333333333333,15.866666666666667,1.0,29.0,2830000.0
191,"FaultWatch, itinerary-aware",0.0,0.9333333333333333,1.0,29.0,830000.0
191,Perfect foresight,0.0,0.0,0.0,25.0,500000.0
192,Run to failure,4.666666666666667,35.46666666666667,25.0,0.0,16250000.0
192,Time-based (age limit),3.7333333333333334,10.266666666666667,2.0,59.0,9680000.0
192,FaultWatch plan (fleet MILP),0.0,16.8,1.0,29.0,830000.0
192,"FaultWatch, itinerary-aware",0.0,0.9333333333333333,1.0,29.0,830000.0
192,Perfect foresight,0.0,0.0,0.0,25.0,500000.0
193,Run to failure,1.8666666666666667,42.0,25.0,0.0,10250000.0
193,Time-based (age limit),1.8666666666666667,13.066666666666666,2.0,59.0,5680000.0
193,FaultWatch plan (fleet MILP),0.0,14.0,1.0,29.0,830000.0
193,"FaultWatch, itinerary-aware",0.0,0.9333333333333333,1.0,29.0,830000.0
193,Perfect foresight,0.0,0.0,0.0,25.0,500000.0
194,Run to failure,5.6000000000000005,34.53333333333333,25.0,0.0,18250000.0
194,Time-based (age limit),2.8000000000000003,11.200000000000001,2.0,59.0,7680000.0
194,FaultWatch plan (fleet MILP),0.9333333333333333,14.933333333333334,1.0,29.0,2830000.0
194,"FaultWatch, itinerary-aware",0.0,0.9333333333333333,1.0,29.0,830000.0
194,Perfect foresight,0.0,0.0,0.0,25.0,500000.0
195,Run to failure,4.666666666666667,33.6,25.0,0.0,16250000.0
195,Time-based (age limit),2.8000000000000003,12.133333333333335,2.0,59.0,7680000.0
195,FaultWatch plan (fleet MILP),0.0,15.866666666666667,1.0,29.0,830000.0
195,"FaultWatch, itinerary-aware",0.0,2.8000000000000003,1.0,29.0,830000.0
195,Perfect foresight,0.0,0.0,0.0,25.0,500000.0
196,Run to failure,1.8666666666666667,39.2,25.0,0.0,10250000.0
196,Time-based (age limit),2.8000000000000003,13.066666666666666,2.0,59.0,7680000.0
196,FaultWatch plan (fleet MILP),0.0,14.0,1.0,29.0,830000.0
196,"FaultWatch, itinerary-aware",0.0,0.9333333333333333,1.0,29.0,830000.0
196,Perfect foresight,0.0,0.0,0.0,25.0,500000.0
197,Run to failure,3.7333333333333334,38.266666666666666,25.0,0.0,14250000.0
197,Time-based (age limit),2.8000000000000003,12.133333333333335,2.0,59.0,7680000.0
197,FaultWatch plan (fleet MILP),0.9333333333333333,12.133333333333335,1.0,29.0,2830000.0
197,"FaultWatch, itinerary-aware",0.0,0.9333333333333333,1.0,29.0,830000.0
197,Perfect foresight,0.0,0.0,0.0,25.0,500000.0
198,Run to failure,1.8666666666666667,42.0,25.0,0.0,10250000.0
198,Time-based (age limit),1.8666666666666667,10.266666666666667,2.0,59.0,5680000.0
198,FaultWatch plan (fleet MILP),0.9333333333333333,9.333333333333334,1.0,29.0,2830000.0
198,"FaultWatch, itinerary-aware",0.0,0.9333333333333333,1.0,29.0,830000.0
198,Perfect foresight,0.0,0.0,0.0,25.0,500000.0
199,Run to failure,6.533333333333333,34.53333333333333,25.0,0.0,20250000.0
199,Time-based (age limit),0.9333333333333333,12.133333333333335,2.0,59.0,3680000.0
199,FaultWatch plan (fleet MILP),0.0,10.266666666666667,1.0,29.0,830000.0
199,"FaultWatch, itinerary-aware",0.0,0.9333333333333333,1.0,29.0,830000.0
199,Perfect foresight,0.0,0.0,0.0,25.0,500000.0
