outcome,design,ships,months,power,false_positive_rate
failures,stepped_wedge,8,6,0.02,
failures,parallel_ab_cuped,8,6,0.03,
failures,parallel_ab,8,6,0.02,
failures,stepped_wedge,8,12,0.05,
failures,parallel_ab_cuped,8,12,0.04,
failures,parallel_ab,8,12,0.05,
failures,stepped_wedge,8,18,0.08,
failures,parallel_ab_cuped,8,18,0.07,
failures,parallel_ab,8,18,0.06,
failures,stepped_wedge,16,6,0.04,
failures,parallel_ab_cuped,16,6,0.09,
failures,parallel_ab,16,6,0.11,
failures,stepped_wedge,16,12,0.09,
failures,parallel_ab_cuped,16,12,0.07,
failures,parallel_ab,16,12,0.06,
failures,stepped_wedge,16,18,0.06,
failures,parallel_ab_cuped,16,18,0.21,
failures,parallel_ab,16,18,0.2,
failures,stepped_wedge,24,6,0.04,
failures,parallel_ab_cuped,24,6,0.13,
failures,parallel_ab,24,6,0.14,
failures,stepped_wedge,24,12,0.15,
failures,parallel_ab_cuped,24,12,0.18,
failures,parallel_ab,24,12,0.18,
failures,stepped_wedge,24,18,0.12,
failures,parallel_ab_cuped,24,18,0.24,
failures,parallel_ab,24,18,0.24,
failures,stepped_wedge,32,6,0.12,
failures,parallel_ab_cuped,32,6,0.25,
failures,parallel_ab,32,6,0.23,
failures,stepped_wedge,32,12,0.09,
failures,parallel_ab_cuped,32,12,0.28,
failures,parallel_ab,32,12,0.23,
failures,stepped_wedge,32,18,0.18,
failures,parallel_ab_cuped,32,18,0.38,
failures,parallel_ab,32,18,0.31,
failures,stepped_wedge,48,6,0.11,
failures,parallel_ab_cuped,48,6,0.32,
failures,parallel_ab,48,6,0.3,
failures,stepped_wedge,48,12,0.13,
failures,parallel_ab_cuped,48,12,0.5,
failures,parallel_ab,48,12,0.49,
failures,stepped_wedge,48,18,0.19,
failures,parallel_ab_cuped,48,18,0.55,
failures,parallel_ab,48,18,0.56,
failures,stepped_wedge,64,6,0.16,
failures,parallel_ab_cuped,64,6,0.37,
failures,parallel_ab,64,6,0.37,
failures,stepped_wedge,64,12,0.23,
failures,parallel_ab_cuped,64,12,0.46,
failures,parallel_ab,64,12,0.48,
failures,stepped_wedge,64,18,0.24,
failures,parallel_ab_cuped,64,18,0.69,
failures,parallel_ab,64,18,0.68,
no_margin_days,stepped_wedge,8,6,0.28,
no_margin_days,parallel_ab_cuped,8,6,0.31,
no_margin_days,parallel_ab,8,6,0.32,
no_margin_days,stepped_wedge,8,12,0.45,
no_margin_days,parallel_ab_cuped,8,12,0.53,
no_margin_days,parallel_ab,8,12,0.5,
no_margin_days,stepped_wedge,8,18,0.7,
no_margin_days,parallel_ab_cuped,8,18,0.68,
no_margin_days,parallel_ab,8,18,0.6,
no_margin_days,stepped_wedge,16,6,0.74,
no_margin_days,parallel_ab_cuped,16,6,0.89,
no_margin_days,parallel_ab,16,6,0.93,
no_margin_days,stepped_wedge,16,12,0.88,
no_margin_days,parallel_ab_cuped,16,12,0.98,
no_margin_days,parallel_ab,16,12,0.98,
no_margin_days,stepped_wedge,16,18,0.91,
no_margin_days,parallel_ab_cuped,16,18,0.98,
no_margin_days,parallel_ab,16,18,0.98,
no_margin_days,stepped_wedge,24,6,0.88,
no_margin_days,parallel_ab_cuped,24,6,0.99,
no_margin_days,parallel_ab,24,6,0.99,
no_margin_days,stepped_wedge,24,12,0.97,
no_margin_days,parallel_ab_cuped,24,12,0.99,
no_margin_days,parallel_ab,24,12,1.0,
no_margin_days,stepped_wedge,24,18,0.97,
no_margin_days,parallel_ab_cuped,24,18,1.0,
no_margin_days,parallel_ab,24,18,1.0,
no_margin_days,stepped_wedge,32,6,0.96,
no_margin_days,parallel_ab_cuped,32,6,1.0,
no_margin_days,parallel_ab,32,6,1.0,
no_margin_days,stepped_wedge,32,12,0.99,
no_margin_days,parallel_ab_cuped,32,12,1.0,
no_margin_days,parallel_ab,32,12,1.0,
no_margin_days,stepped_wedge,32,18,1.0,
no_margin_days,parallel_ab_cuped,32,18,1.0,
no_margin_days,parallel_ab,32,18,1.0,
no_margin_days,stepped_wedge,48,6,1.0,
no_margin_days,parallel_ab_cuped,48,6,1.0,
no_margin_days,parallel_ab,48,6,1.0,
no_margin_days,stepped_wedge,48,12,1.0,
no_margin_days,parallel_ab_cuped,48,12,1.0,
no_margin_days,parallel_ab,48,12,1.0,
no_margin_days,stepped_wedge,48,18,1.0,
no_margin_days,parallel_ab_cuped,48,18,1.0,
no_margin_days,parallel_ab,48,18,1.0,
no_margin_days,stepped_wedge,64,6,1.0,
no_margin_days,parallel_ab_cuped,64,6,1.0,
no_margin_days,parallel_ab,64,6,1.0,
no_margin_days,stepped_wedge,64,12,1.0,
no_margin_days,parallel_ab_cuped,64,12,1.0,
no_margin_days,parallel_ab,64,12,1.0,
no_margin_days,stepped_wedge,64,18,1.0,
no_margin_days,parallel_ab_cuped,64,18,1.0,
no_margin_days,parallel_ab,64,18,1.0,
failures,stepped_wedge,8,12,,0.05
failures,parallel_ab_cuped,8,12,,0.05
failures,parallel_ab,8,12,,0.04
failures,stepped_wedge,16,12,,0.02
failures,parallel_ab_cuped,16,12,,0.04
failures,parallel_ab,16,12,,0.04
failures,stepped_wedge,24,12,,0.01
failures,parallel_ab_cuped,24,12,,0.03
failures,parallel_ab,24,12,,0.02
failures,stepped_wedge,32,12,,0.05
failures,parallel_ab_cuped,32,12,,0.06
failures,parallel_ab,32,12,,0.04
failures,stepped_wedge,48,12,,0.02
failures,parallel_ab_cuped,48,12,,0.07
failures,parallel_ab,48,12,,0.09
failures,stepped_wedge,64,12,,0.06
failures,parallel_ab_cuped,64,12,,0.05
failures,parallel_ab,64,12,,0.03
no_margin_days,stepped_wedge,8,12,,0.1
no_margin_days,parallel_ab_cuped,8,12,,0.03
no_margin_days,parallel_ab,8,12,,0.04
no_margin_days,stepped_wedge,16,12,,0.06
no_margin_days,parallel_ab_cuped,16,12,,0.03
no_margin_days,parallel_ab,16,12,,0.04
no_margin_days,stepped_wedge,24,12,,0.03
no_margin_days,parallel_ab_cuped,24,12,,0.03
no_margin_days,parallel_ab,24,12,,0.02
no_margin_days,stepped_wedge,32,12,,0.1
no_margin_days,parallel_ab_cuped,32,12,,0.03
no_margin_days,parallel_ab,32,12,,0.06
no_margin_days,stepped_wedge,48,12,,0.04
no_margin_days,parallel_ab_cuped,48,12,,0.06
no_margin_days,parallel_ab,48,12,,0.08
no_margin_days,stepped_wedge,64,12,,0.06
no_margin_days,parallel_ab_cuped,64,12,,0.05
no_margin_days,parallel_ab,64,12,,0.07
